Year,StateAbbr,StateDesc,CityName,GeographicLevel,DataSource,Category,UniqueID,Measure,Data_Value_Unit,DataValueTypeID,Data_Value_Type,Data_Value,Low_Confidence_Limit,High_Confidence_Limit,Data_Value_Footnote_Symbol,Data_Value_Footnote,PopulationCount,GeoLocation,CategoryID,MeasureId,CityFIPS,TractFIPS,Short_Question_Text
2015,US,United States,,US,BRFSS,Prevention,59,Current lack of health insurance among adults aged 18–64 Years,%,AgeAdjPrv,Age-adjusted prevalence,15.4,15.1,15.7,,,308745538,,PREVENT,ACCESS2,,,Health Insurance
2015,US,United States,,US,BRFSS,Prevention,59,Current lack of health insurance among adults aged 18–64 Years,%,CrdPrv,Crude prevalence,14.8,14.5,15.0,,,308745538,,PREVENT,ACCESS2,,,Health Insurance
2015,US,United States,,US,BRFSS,Health Outcomes,59,Arthritis among adults aged >=18 Years,%,AgeAdjPrv,Age-adjusted prevalence,22.5,22.3,22.7,,,308745538,,HLTHOUT,ARTHRITIS,,,Arthritis
2015,US,United States,,US,BRFSS,Health Outcomes,59,Arthritis among adults aged >=18 Years,%,CrdPrv,Crude prevalence,24.7,24.5,24.9,,,308745538,,HLTHOUT,ARTHRITIS,,,Arthritis
2015,US,United States,,US,BRFSS,Unhealthy Behaviors,59,Binge drinking among adults aged >=18 Years,%,AgeAdjPrv,Age-adjusted prevalence,17.2,16.9,17.4,,,308745538,,UNHBEH,BINGE,,,Binge Drinking
2015,US,United States,,US,BRFSS,Unhealthy Behaviors,59,Binge drinking among adults aged >=18 Years,%,CrdPrv,Crude prevalence,16.3,16.1,16.5,,,308745538,,UNHBEH,BINGE,,,Binge Drinking
2015,US,United States,,US,BRFSS,Health Outcomes,59,High blood pressure among adults aged >=18 Years,%,AgeAdjPrv,Age-adjusted prevalence,29.4,29.2,29.7,,,308745538,,HLTHOUT,BPHIGH,,,High Blood Pressure
2015,US,United States,,US,BRFSS,Health Outcomes,59,High blood pressure among adults aged >=18 Years,%,CrdPrv,Crude prevalence,31.9,31.6,32.2,,,308745538,,HLTHOUT,BPHIGH,,,High Blood Pressure
2015,US,United States,,US,BRFSS,Prevention,59,Taking medicine for high blood pressure control among adults aged >=18 Years with high blood pressure,%,AgeAdjPrv,Age-adjusted prevalence,57.7,57.1,58.4,,,308745538,,PREVENT,BPMED,,,Taking BP Medication
2015,US,United States,,US,BRFSS,Prevention,59,Taking medicine for high blood pressure control among adults aged >=18 Years with high blood pressure,%,CrdPrv,Crude prevalence,77.2,76.8,77.7,,,308745538,,PREVENT,BPMED,,,Taking BP Medication
2015,US,United States,,US,BRFSS,Health Outcomes,59,Cancer (excluding skin cancer) among adults aged >=18 Years,%,AgeAdjPrv,Age-adjusted prevalence,6.0,5.9,6.1,,,308745538,,HLTHOUT,CANCER,,,Cancer (except skin)
2015,US,United States,,US,BRFSS,Health Outcomes,59,Cancer (excluding skin cancer) among adults aged >=18 Years,%,CrdPrv,Crude prevalence,6.6,6.5,6.8,,,308745538,,HLTHOUT,CANCER,,,Cancer (except skin)
2015,US,United States,,US,BRFSS,Health Outcomes,59,Current asthma among adults aged >=18 Years,%,AgeAdjPrv,Age-adjusted prevalence,8.7,8.6,8.9,,,308745538,,HLTHOUT,CASTHMA,,,Current Asthma
2015,US,United States,,US,BRFSS,Health Outcomes,59,Current asthma among adults aged >=18 Years,%,CrdPrv,Crude prevalence,8.8,8.6,9.0,,,308745538,,HLTHOUT,CASTHMA,,,Current Asthma
2015,US,United States,,US,BRFSS,Health Outcomes,59,Coronary heart disease among adults aged >=18 Years,%,AgeAdjPrv,Age-adjusted prevalence,5.6,5.5,5.8,,,308745538,,HLTHOUT,CHD,,,Coronary Heart Disease
2015,US,United States,,US,BRFSS,Health Outcomes,59,Coronary heart disease among adults aged >=18 Years,%,CrdPrv,Crude prevalence,6.3,6.2,6.5,,,308745538,,HLTHOUT,CHD,,,Coronary Heart Disease
2015,US,United States,,US,BRFSS,Prevention,59,Visits to doctor for routine checkup within the past Year among adults aged >=18 Years,%,AgeAdjPrv,Age-adjusted prevalence,68.6,68.3,68.9,,,308745538,,PREVENT,CHECKUP,,,Annual Checkup
2015,US,United States,,US,BRFSS,Prevention,59,Visits to doctor for routine checkup within the past Year among adults aged >=18 Years,%,CrdPrv,Crude prevalence,70.0,69.7,70.3,,,308745538,,PREVENT,CHECKUP,,,Annual Checkup
2015,US,United States,,US,BRFSS,Prevention,59,Cholesterol screening among adults aged >=18 Years,%,AgeAdjPrv,Age-adjusted prevalence,75.2,74.9,75.5,,,308745538,,PREVENT,CHOLSCREEN,,,Cholesterol Screening
2015,US,United States,,US,BRFSS,Prevention,59,Cholesterol screening among adults aged >=18 Years,%,CrdPrv,Crude prevalence,77.0,76.7,77.3,,,308745538,,PREVENT,CHOLSCREEN,,,Cholesterol Screening
2014,US,United States,,US,BRFSS,Prevention,59,"Fecal occult blood test, sigmoidoscopy, or colonoscopy among adults aged 50–75 Years",%,AgeAdjPrv,Age-adjusted prevalence,64.0,63.5,64.5,,,308745538,,PREVENT,COLON_SCREEN,,,Colorectal Cancer Screening
2014,US,United States,,US,BRFSS,Prevention,59,"Fecal occult blood test, sigmoidoscopy, or colonoscopy among adults aged 50–75 Years",%,CrdPrv,Crude prevalence,63.7,63.3,64.1,,,308745538,,PREVENT,COLON_SCREEN,,,Colorectal Cancer Screening
2015,US,United States,,US,BRFSS,Health Outcomes,59,Chronic obstructive pulmonary disease among adults aged >=18 Years,%,AgeAdjPrv,Age-adjusted prevalence,5.7,5.6,5.9,,,308745538,,HLTHOUT,COPD,,,COPD
2015,US,United States,,US,BRFSS,Health Outcomes,59,Chronic obstructive pulmonary disease among adults aged >=18 Years,%,CrdPrv,Crude prevalence,6.3,6.2,6.4,,,308745538,,HLTHOUT,COPD,,,COPD
2015,US,United States,,US,BRFSS,Health Outcomes,59,Physical health not good for >=14 days among adults aged >=18 Years,%,AgeAdjPrv,Age-adjusted prevalence,11.5,11.3,11.7,,,308745538,,HLTHOUT,PHLTH,,,Physical Health
2014,US,United States,,US,BRFSS,Prevention,59,"Older adult men aged >=65 Years who are up to date on a core set of clinical preventive services: Flu shot past Year, PPV shot ever, Colorectal cancer screening",%,AgeAdjPrv,Age-adjusted prevalence,32.9,32.1,33.6,,,308745538,,PREVENT,COREM,,,Core preventive services for older men
2014,US,United States,,US,BRFSS,Prevention,59,"Older adult men aged >=65 Years who are up to date on a core set of clinical preventive services: Flu shot past Year, PPV shot ever, Colorectal cancer screening",%,CrdPrv,Crude prevalence,32.3,31.5,33.0,,,308745538,,PREVENT,COREM,,,Core preventive services for older men
2014,US,United States,,US,BRFSS,Prevention,59,"Older adult women aged >=65 Years who are up to date on a core set of clinical preventive services: Flu shot past Year, PPV shot ever, Colorectal cancer screening, and Mammogram past 2 Years",%,AgeAdjPrv,Age-adjusted prevalence,30.7,30.2,31.4,,,308745538,,PREVENT,COREW,,,Core preventive services for older women
2014,US,United States,,US,BRFSS,Prevention,59,"Older adult women aged >=65 Years who are up to date on a core set of clinical preventive services: Flu shot past Year, PPV shot ever, Colorectal cancer screening, and Mammogram past 2 Years",%,CrdPrv,Crude prevalence,30.7,30.1,31.3,,,308745538,,PREVENT,COREW,,,Core preventive services for older women
2015,US,United States,,US,BRFSS,Unhealthy Behaviors,59,Current smoking among adults aged >=18 Years,%,AgeAdjPrv,Age-adjusted prevalence,17.1,16.8,17.3,,,308745538,,UNHBEH,CSMOKING,,,Current Smoking
2015,US,United States,,US,BRFSS,Unhealthy Behaviors,59,Current smoking among adults aged >=18 Years,%,CrdPrv,Crude prevalence,16.8,16.6,17.0,,,308745538,,UNHBEH,CSMOKING,,,Current Smoking
2014,US,United States,,US,BRFSS,Prevention,59,Visits to dentist or dental clinic among adults aged >=18 Years,%,AgeAdjPrv,Age-adjusted prevalence,64.1,63.8,64.4,,,308745538,,PREVENT,DENTAL,,,Dental Visit
2014,US,United States,,US,BRFSS,Prevention,59,Visits to dentist or dental clinic among adults aged >=18 Years,%,CrdPrv,Crude prevalence,64.4,64.1,64.7,,,308745538,,PREVENT,DENTAL,,,Dental Visit
2015,US,United States,,US,BRFSS,Health Outcomes,59,Diagnosed diabetes among adults aged >=18 Years,%,AgeAdjPrv,Age-adjusted prevalence,9.3,9.2,9.5,,,308745538,,HLTHOUT,DIABETES,,,Diabetes
2015,US,United States,,US,BRFSS,Health Outcomes,59,Diagnosed diabetes among adults aged >=18 Years,%,CrdPrv,Crude prevalence,10.4,10.3,10.6,,,308745538,,HLTHOUT,DIABETES,,,Diabetes
2015,US,United States,,US,BRFSS,Health Outcomes,59,High cholesterol among adults aged >=18 Years who have been screened in the past 5 Years,%,AgeAdjPrv,Age-adjusted prevalence,31.1,30.8,31.4,,,308745538,,HLTHOUT,HIGHCHOL,,,High Cholesterol
2015,US,United States,,US,BRFSS,Health Outcomes,59,High cholesterol among adults aged >=18 Years who have been screened in the past 5 Years,%,CrdPrv,Crude prevalence,37.1,36.8,37.4,,,308745538,,HLTHOUT,HIGHCHOL,,,High Cholesterol
2015,US,United States,,US,BRFSS,Health Outcomes,59,Chronic kidney disease among adults aged >=18 Years,%,AgeAdjPrv,Age-adjusted prevalence,2.5,2.4,2.6,,,308745538,,HLTHOUT,KIDNEY,,,Chronic Kidney Disease
2015,US,United States,,US,BRFSS,Health Outcomes,59,Chronic kidney disease among adults aged >=18 Years,%,CrdPrv,Crude prevalence,2.7,2.6,2.8,,,308745538,,HLTHOUT,KIDNEY,,,Chronic Kidney Disease
2015,US,United States,,US,BRFSS,Unhealthy Behaviors,59,No leisure-time physical activity among adults aged >=18 Years,%,AgeAdjPrv,Age-adjusted prevalence,25.5,25.2,25.8,,,308745538,,UNHBEH,LPA,,,Physical Inactivity
2015,US,United States,,US,BRFSS,Unhealthy Behaviors,59,No leisure-time physical activity among adults aged >=18 Years,%,CrdPrv,Crude prevalence,25.9,25.6,26.1,,,308745538,,UNHBEH,LPA,,,Physical Inactivity
2014,US,United States,,US,BRFSS,Prevention,59,Mammography use among women aged 50–74 Years,%,AgeAdjPrv,Age-adjusted prevalence,75.5,75.1,75.9,,,308745538,,PREVENT,MAMMOUSE,,,Mammography
2014,US,United States,,US,BRFSS,Prevention,59,Mammography use among women aged 50–74 Years,%,CrdPrv,Crude prevalence,75.8,75.4,76.2,,,308745538,,PREVENT,MAMMOUSE,,,Mammography
2015,US,United States,,US,BRFSS,Health Outcomes,59,Mental health not good for >=14 days among adults aged >=18 Years,%,AgeAdjPrv,Age-adjusted prevalence,11.6,11.4,11.8,,,308745538,,HLTHOUT,MHLTH,,,Mental Health
2015,US,United States,,US,BRFSS,Health Outcomes,59,Mental health not good for >=14 days among adults aged >=18 Years,%,CrdPrv,Crude prevalence,11.4,11.3,11.6,,,308745538,,HLTHOUT,MHLTH,,,Mental Health
2015,US,United States,,US,BRFSS,Unhealthy Behaviors,59,Obesity among adults aged >=18 Years,%,AgeAdjPrv,Age-adjusted prevalence,28.7,28.4,29.0,,,308745538,,UNHBEH,OBESITY,,,Obesity
2015,US,United States,,US,BRFSS,Unhealthy Behaviors,59,Obesity among adults aged >=18 Years,%,CrdPrv,Crude prevalence,28.8,28.6,29.1,,,308745538,,UNHBEH,OBESITY,,,Obesity
2014,US,United States,,US,BRFSS,Prevention,59,Papanicolaou smear use among adult women aged 21–65 Years,%,AgeAdjPrv,Age-adjusted prevalence,81.1,80.6,81.6,,,308745538,,PREVENT,PAPTEST,,,Pap Smear Test
2014,US,United States,,US,BRFSS,Prevention,59,Papanicolaou smear use among adult women aged 21–65 Years,%,CrdPrv,Crude prevalence,81.8,81.3,82.2,,,308745538,,PREVENT,PAPTEST,,,Pap Smear Test
2015,US,United States,,US,BRFSS,Health Outcomes,59,Physical health not good for >=14 days among adults aged >=18 Years,%,CrdPrv,Crude prevalence,12.0,11.8,12.2,,,308745538,,HLTHOUT,PHLTH,,,Physical Health
2014,US,United States,,US,BRFSS,Unhealthy Behaviors,59,Sleeping less than 7 hours among adults aged >=18 Years,%,AgeAdjPrv,Age-adjusted prevalence,35.1,34.8,35.5,,,308745538,,UNHBEH,SLEEP,,,Sleep < 7 hours
2014,US,United States,,US,BRFSS,Unhealthy Behaviors,59,Sleeping less than 7 hours among adults aged >=18 Years,%,CrdPrv,Crude prevalence,34.8,34.5,35.1,,,308745538,,UNHBEH,SLEEP,,,Sleep < 7 hours
2015,US,United States,,US,BRFSS,Health Outcomes,59,Stroke among adults aged >=18 Years,%,AgeAdjPrv,Age-adjusted prevalence,2.8,2.7,2.8,,,308745538,,HLTHOUT,STROKE,,,Stroke
2015,US,United States,,US,BRFSS,Health Outcomes,59,Stroke among adults aged >=18 Years,%,CrdPrv,Crude prevalence,3.0,3.0,3.1,,,308745538,,HLTHOUT,STROKE,,,Stroke
2014,US,United States,,US,BRFSS,Health Outcomes,59,All teeth lost among adults aged >=65 Years,%,AgeAdjPrv,Age-adjusted prevalence,15.4,15.0,15.8,,,308745538,,HLTHOUT,TEETHLOST,,,Teeth Loss
2014,US,United States,,US,BRFSS,Health Outcomes,59,All teeth lost among adults aged >=65 Years,%,CrdPrv,Crude prevalence,14.9,14.6,15.3,,,308745538,,HLTHOUT,TEETHLOST,,,Teeth Loss
2015,AL,Alabama,Birmingham,City,BRFSS,Prevention,0107000,Current lack of health insurance among adults aged 18–64 Years,%,AgeAdjPrv,Age-adjusted prevalence,19.8,19.5,20.2,,,212237,"(33.5275663773, -86.7988174678)",PREVENT,ACCESS2,0107000,,Health Insurance
2015,AL,Alabama,Birmingham,City,BRFSS,Prevention,0107000,Current lack of health insurance among adults aged 18–64 Years,%,CrdPrv,Crude prevalence,19.6,19.2,20.0,,,212237,"(33.5275663773, -86.7988174678)",PREVENT,ACCESS2,0107000,,Health Insurance
2015,AL,Alabama,Birmingham,Census Tract,BRFSS,Prevention,0107000-01073000100,Current lack of health insurance among adults aged 18–64 Years,%,CrdPrv,Crude prevalence,23.9,21.2,27.2,,,3042,"(33.5794328326, -86.7228323926)",PREVENT,ACCESS2,0107000,01073000100,Health Insurance
2015,AL,Alabama,Birmingham,Census Tract,BRFSS,Prevention,0107000-01073000300,Current lack of health insurance among adults aged 18–64 Years,%,CrdPrv,Crude prevalence,28.8,25.4,32.4,,,2735,"(33.5428208686, -86.752433978)",PREVENT,ACCESS2,0107000,01073000300,Health Insurance
2015,AL,Alabama,Birmingham,Census Tract,BRFSS,Prevention,0107000-01073000400,Current lack of health insurance among adults aged 18–64 Years,%,CrdPrv,Crude prevalence,26.1,22.6,29.9,,,3338,"(33.5632449633, -86.7640474064)",PREVENT,ACCESS2,0107000,01073000400,Health Insurance
2015,AL,Alabama,Birmingham,Census Tract,BRFSS,Prevention,0107000-01073000500,Current lack of health insurance among adults aged 18–64 Years,%,CrdPrv,Crude prevalence,28.1,24.6,32.0,,,2864,"(33.5442404594, -86.7749130719)",PREVENT,ACCESS2,0107000,01073000500,Health Insurance
2015,AL,Alabama,Birmingham,Census Tract,BRFSS,Prevention,0107000-01073000700,Current lack of health insurance among adults aged 18–64 Years,%,CrdPrv,Crude prevalence,31.8,27.0,36.7,,,2577,"(33.5525406139, -86.8016893706)",PREVENT,ACCESS2,0107000,01073000700,Health Insurance
2015,AL,Alabama,Birmingham,Census Tract,BRFSS,Prevention,0107000-01073000800,Current lack of health insurance among adults aged 18–64 Years,%,CrdPrv,Crude prevalence,22.4,19.1,26.1,,,3859,"(33.549697789, -86.8330944744)",PREVENT,ACCESS2,0107000,01073000800,Health Insurance
2015,AL,Alabama,Birmingham,Census Tract,BRFSS,Prevention,0107000-01073001100,Current lack of health insurance among adults aged 18–64 Years,%,CrdPrv,Crude prevalence,16.8,13.7,20.5,,,5354,"(33.5429143325, -86.8756782852)",PREVENT,ACCESS2,0107000,01073001100,Health Insurance
2015,AL,Alabama,Birmingham,Census Tract,BRFSS,Prevention,0107000-01073001200,Current lack of health insurance among adults aged 18–64 Years,%,CrdPrv,Crude prevalence,24.6,22.2,27.2,,,2876,"(33.5278767706, -86.8604161686)",PREVENT,ACCESS2,0107000,01073001200,Health Insurance
2015,AL,Alabama,Birmingham,Census Tract,BRFSS,Prevention,0107000-01073001400,Current lack of health insurance among adults aged 18–64 Years,%,CrdPrv,Crude prevalence,22.0,18.4,25.7,,,2181,"(33.5261497258, -86.835146606)",PREVENT,ACCESS2,0107000,01073001400,Health Insurance
2015,AL,Alabama,Birmingham,Census Tract,BRFSS,Prevention,0107000-01073001500,Current lack of health insurance among adults aged 18–64 Years,%,CrdPrv,Crude prevalence,26.3,23.1,29.4,,,3189,"(33.5298727342, -86.8197191685)",PREVENT,ACCESS2,0107000,01073001500,Health Insurance
2015,AL,Alabama,Birmingham,Census Tract,BRFSS,Prevention,0107000-01073001600,Current lack of health insurance among adults aged 18–64 Years,%,CrdPrv,Crude prevalence,26.8,22.9,30.8,,,3390,"(33.5372993423, -86.8036590482)",PREVENT,ACCESS2,0107000,01073001600,Health Insurance
2015,AL,Alabama,Birmingham,Census Tract,BRFSS,Prevention,0107000-01073001902,Current lack of health insurance among adults aged 18–64 Years,%,CrdPrv,Crude prevalence,26.9,24.1,29.8,,,1894,"(33.5532050997, -86.7429801603)",PREVENT,ACCESS2,0107000,01073001902,Health Insurance
2015,AL,Alabama,Birmingham,Census Tract,BRFSS,Prevention,0107000-01073002000,Current lack of health insurance among adults aged 18–64 Years,%,CrdPrv,Crude prevalence,24.4,20.8,28.2,,,3885,"(33.5541574106, -86.7167229915)",PREVENT,ACCESS2,0107000,01073002000,Health Insurance
2015,AL,Alabama,Birmingham,Census Tract,BRFSS,Prevention,0107000-01073002100,Current lack of health insurance among adults aged 18–64 Years,%,CrdPrv,Crude prevalence,21.5,18.1,25.0,,,3186,"(33.5650015942, -86.7101024766)",PREVENT,ACCESS2,0107000,01073002100,Health Insurance
2015,AL,Alabama,Birmingham,Census Tract,BRFSS,Prevention,0107000-01073002200,Current lack of health insurance among adults aged 18–64 Years,%,CrdPrv,Crude prevalence,21.7,18.7,25.0,,,2630,"(33.5521301205, -86.7276759508)",PREVENT,ACCESS2,0107000,01073002200,Health Insurance
2015,AL,Alabama,Birmingham,Census Tract,BRFSS,Prevention,0107000-01073002303,Current lack of health insurance among adults aged 18–64 Years,%,CrdPrv,Crude prevalence,27.0,23.7,30.7,,,2936,"(33.5383153207, -86.7270445428)",PREVENT,ACCESS2,0107000,01073002303,Health Insurance
2015,AL,Alabama,Birmingham,Census Tract,BRFSS,Prevention,0107000-01073002305,Current lack of health insurance among adults aged 18–64 Years,%,CrdPrv,Crude prevalence,9.9,8.2,12.1,,,2952,"(33.5333415976, -86.7479566084)",PREVENT,ACCESS2,0107000,01073002305,Health Insurance
2015,AL,Alabama,Birmingham,Census Tract,BRFSS,Prevention,0107000-01073002306,Current lack of health insurance among adults aged 18–64 Years,%,CrdPrv,Crude prevalence,9.5,8.1,11.2,,,3257,"(33.5213873564, -86.7490031289)",PREVENT,ACCESS2,0107000,01073002306,Health Insurance
2015,AL,Alabama,Birmingham,Census Tract,BRFSS,Prevention,0107000-01073002400,Current lack of health insurance among adults aged 18–64 Years,%,CrdPrv,Crude prevalence,25.1,22.4,27.8,,,3629,"(33.5260748309, -86.7830315488)",PREVENT,ACCESS2,0107000,01073002400,Health Insurance
2015,AL,Alabama,Birmingham,Census Tract,BRFSS,Prevention,0107000-01073002700,Current lack of health insurance among adults aged 18–64 Years,%,CrdPrv,Crude prevalence,20.7,16.8,24.9,,,3992,"(33.5176008419, -86.8106887452)",PREVENT,ACCESS2,0107000,01073002700,Health Insurance
2015,AL,Alabama,Birmingham,Census Tract,BRFSS,Prevention,0107000-01073002900,Current lack of health insurance among adults aged 18–64 Years,%,CrdPrv,Crude prevalence,25.7,21.5,29.9,,,2064,"(33.5132498864, -86.83004749)",PREVENT,ACCESS2,0107000,01073002900,Health Insurance
2015,AL,Alabama,Birmingham,Census Tract,BRFSS,Prevention,0107000-01073003001,Current lack of health insurance among adults aged 18–64 Years,%,CrdPrv,Crude prevalence,18.4,15.3,22.4,,,3779,"(33.5125158094, -86.8577164946)",PREVENT,ACCESS2,0107000,01073003001,Health Insurance
2015,AL,Alabama,Birmingham,Census Tract,BRFSS,Prevention,0107000-01073003002,Current lack of health insurance among adults aged 18–64 Years,%,CrdPrv,Crude prevalence,26.3,21.7,31.3,,,2203,"(33.512258109, -86.8441439907)",PREVENT,ACCESS2,0107000,01073003002,Health Insurance
2015,AL,Alabama,Birmingham,Census Tract,BRFSS,Prevention,0107000-01073003100,Current lack of health insurance among adults aged 18–64 Years,%,CrdPrv,Crude prevalence,23.2,20.2,26.7,,,3637,"(33.5059655756, -86.8745506086)",PREVENT,ACCESS2,0107000,01073003100,Health Insurance
2015,AL,Alabama,Birmingham,Census Tract,BRFSS,Prevention,0107000-01073003200,Current lack of health insurance among adults aged 18–64 Years,%,CrdPrv,Crude prevalence,28.7,25.0,32.8,,,931,"(33.5094018502, -86.8859081961)",PREVENT,ACCESS2,0107000,01073003200,Health Insurance
2015,AL,Alabama,Birmingham,Census Tract,BRFSS,Prevention,0107000-01073003300,Current lack of health insurance among adults aged 18–64 Years,%,CrdPrv,Crude prevalence,22.2,19.1,25.7,,,947,"(33.5171261108, -86.8913819749)",PREVENT,ACCESS2,0107000,01073003300,Health Insurance
2015,AL,Alabama,Birmingham,Census Tract,BRFSS,Prevention,0107000-01073003400,Current lack of health insurance among adults aged 18–64 Years,%,CrdPrv,Crude prevalence,26.8,23.0,30.9,,,2477,"(33.5052229234, -86.9014844656)",PREVENT,ACCESS2,0107000,01073003400,Health Insurance
2015,AL,Alabama,Birmingham,Census Tract,BRFSS,Prevention,0107000-01073003500,Current lack of health insurance among adults aged 18–64 Years,%,CrdPrv,Crude prevalence,22.3,19.1,25.7,,,2780,"(33.5065714011, -86.9195910063)",PREVENT,ACCESS2,0107000,01073003500,Health Insurance
2015,AL,Alabama,Birmingham,Census Tract,BRFSS,Prevention,0107000-01073003600,Current lack of health insurance among adults aged 18–64 Years,%,CrdPrv,Crude prevalence,17.0,14.5,19.6,,,4683,"(33.48476397, -86.8981392947)",PREVENT,ACCESS2,0107000,01073003600,Health Insurance
2015,AL,Alabama,Birmingham,Census Tract,BRFSS,Prevention,0107000-01073003700,Current lack of health insurance among adults aged 18–64 Years,%,CrdPrv,Crude prevalence,21.6,19.2,23.9,,,5063,"(33.4969018589, -86.8907729426)",PREVENT,ACCESS2,0107000,01073003700,Health Insurance
2015,AL,Alabama,Birmingham,Census Tract,BRFSS,Prevention,0107000-01073003802,Current lack of health insurance among adults aged 18–64 Years,%,CrdPrv,Crude prevalence,19.0,16.7,21.6,,,5409,"(33.4785707794, -86.890000907)",PREVENT,ACCESS2,0107000,01073003802,Health Insurance
2015,AL,Alabama,Birmingham,Census Tract,BRFSS,Prevention,0107000-01073003803,Current lack of health insurance among adults aged 18–64 Years,%,CrdPrv,Crude prevalence,20.9,17.7,24.2,,,4199,"(33.485945214, -86.869692186)",PREVENT,ACCESS2,0107000,01073003803,Health Insurance
2015,AL,Alabama,Birmingham,Census Tract,BRFSS,Prevention,0107000-01073003900,Current lack of health insurance among adults aged 18–64 Years,%,CrdPrv,Crude prevalence,29.9,26.9,33.0,,,1783,"(33.4989959327, -86.8647600038)",PREVENT,ACCESS2,0107000,01073003900,Health Insurance
2015,AL,Alabama,Birmingham,Census Tract,BRFSS,Prevention,0107000-01073004000,Current lack of health insurance among adults aged 18–64 Years,%,CrdPrv,Crude prevalence,25.8,21.4,30.3,,,3772,"(33.4953246015, -86.8516232073)",PREVENT,ACCESS2,0107000,01073004000,Health Insurance
2015,AL,Alabama,Birmingham,Census Tract,BRFSS,Prevention,0107000-01073004200,Current lack of health insurance among adults aged 18–64 Years,%,CrdPrv,Crude prevalence,23.4,20.8,26.1,,,2341,"(33.5007439361, -86.8270720379)",PREVENT,ACCESS2,0107000,01073004200,Health Insurance
2015,AL,Alabama,Birmingham,Census Tract,BRFSS,Prevention,0107000-01073004500,Current lack of health insurance among adults aged 18–64 Years,%,CrdPrv,Crude prevalence,22.7,19.3,27.4,,,5003,"(33.5041857556, -86.8033798346)",PREVENT,ACCESS2,0107000,01073004500,Health Insurance
2015,AL,Alabama,Birmingham,Census Tract,BRFSS,Prevention,0107000-01073004701,Current lack of health insurance among adults aged 18–64 Years,%,CrdPrv,Crude prevalence,10.6,8.6,13.4,,,3480,"(33.5075242148, -86.7836675838)",PREVENT,ACCESS2,0107000,01073004701,Health Insurance
2015,AL,Alabama,Birmingham,Census Tract,BRFSS,Prevention,0107000-01073004702,Current lack of health insurance among adults aged 18–64 Years,%,CrdPrv,Crude prevalence,7.1,6.1,8.7,,,2944,"(33.5119902661, -86.7694550989)",PREVENT,ACCESS2,0107000,01073004702,Health Insurance
2015,AL,Alabama,Birmingham,Census Tract,BRFSS,Prevention,0107000-01073004800,Current lack of health insurance among adults aged 18–64 Years,%,CrdPrv,Crude prevalence,8.7,7.3,10.3,,,1861,"(33.4989064008, -86.78269914)",PREVENT,ACCESS2,0107000,01073004800,Health Insurance
2015,AL,Alabama,Birmingham,Census Tract,BRFSS,Prevention,0107000-01073004901,Current lack of health insurance among adults aged 18–64 Years,%,CrdPrv,Crude prevalence,11.0,9.1,13.2,,,1167,"(33.4971595645, -86.7917440668)",PREVENT,ACCESS2,0107000,01073004901,Health Insurance
2015,AL,Alabama,Birmingham,Census Tract,BRFSS,Prevention,0107000-01073004902,Current lack of health insurance among adults aged 18–64 Years,%,CrdPrv,Crude prevalence,15.2,12.5,18.5,,,3146,"(33.4935824043, -86.8009294603)",PREVENT,ACCESS2,0107000,01073004902,Health Insurance
2015,AL,Alabama,Birmingham,Census Tract,BRFSS,Prevention,0107000-01073005000,Current lack of health insurance among adults aged 18–64 Years,%,CrdPrv,Crude prevalence,17.9,15.4,20.7,,,3482,"(33.4866689795, -86.8173262831)",PREVENT,ACCESS2,0107000,01073005000,Health Insurance
2015,AL,Alabama,Birmingham,Census Tract,BRFSS,Prevention,0107000-01073005101,Current lack of health insurance among adults aged 18–64 Years,%,CrdPrv,Crude prevalence,30.5,26.5,34.4,,,1507,"(33.4945909008, -86.834763936)",PREVENT,ACCESS2,0107000,01073005101,Health Insurance
2015,AL,Alabama,Birmingham,Census Tract,BRFSS,Prevention,0107000-01073005103,Current lack of health insurance among adults aged 18–64 Years,%,CrdPrv,Crude prevalence,17.5,14.4,20.7,,,2587,"(33.485714885, -86.8327817467)",PREVENT,ACCESS2,0107000,01073005103,Health Insurance
2015,AL,Alabama,Birmingham,Census Tract,BRFSS,Prevention,0107000-01073005104,Current lack of health insurance among adults aged 18–64 Years,%,CrdPrv,Crude prevalence,24.9,21.3,28.9,,,2881,"(33.4749941816, -86.8335421747)",PREVENT,ACCESS2,0107000,01073005104,Health Insurance
2015,AL,Alabama,Birmingham,Census Tract,BRFSS,Prevention,0107000-01073005200,Current lack of health insurance among adults aged 18–64 Years,%,CrdPrv,Crude prevalence,20.2,16.4,24.2,,,3740,"(33.4806708775, -86.8508671514)",PREVENT,ACCESS2,0107000,01073005200,Health Insurance
2015,AL,Alabama,Birmingham,Census Tract,BRFSS,Prevention,0107000-01073005302,Current lack of health insurance among adults aged 18–64 Years,%,CrdPrv,Crude prevalence,12.8,10.9,15.1,,,3463,"(33.5766456449, -86.6965590316)",PREVENT,ACCESS2,0107000,01073005302,Health Insurance
2015,AL,Alabama,Birmingham,Census Tract,BRFSS,Prevention,0107000-01073005500,Current lack of health insurance among adults aged 18–64 Years,%,CrdPrv,Crude prevalence,26.5,22.9,30.7,,,1824,"(33.5670293898, -86.8005567213)",PREVENT,ACCESS2,0107000,01073005500,Health Insurance
2015,AL,Alabama,Birmingham,Census Tract,BRFSS,Prevention,0107000-01073005600,Current lack of health insurance among adults aged 18–64 Years,%,CrdPrv,Crude prevalence,12.3,10.0,15.0,,,4367,"(33.5200981234, -86.7272063198)",PREVENT,ACCESS2,0107000,01073005600,Health Insurance
2015,AL,Alabama,Birmingham,Census Tract,BRFSS,Prevention,0107000-01073005701,Current lack of health insurance among adults aged 18–64 Years,%,CrdPrv,Crude prevalence,18.9,15.7,22.3,,,2372,"(33.4629543329, -86.8898406628)",PREVENT,ACCESS2,0107000,01073005701,Health Insurance
2015,AL,Alabama,Birmingham,Census Tract,BRFSS,Prevention,0107000-01073005702,Current lack of health insurance among adults aged 18–64 Years,%,CrdPrv,Crude prevalence,19.8,16.4,23.3,,,3413,"(33.4698691385, -86.874290602)",PREVENT,ACCESS2,0107000,01073005702,Health Insurance
2015,AL,Alabama,Birmingham,Census Tract,BRFSS,Prevention,0107000-01073005800,Current lack of health insurance among adults aged 18–64 Years,%,CrdPrv,Crude prevalence,19.3,16.4,22.3,,,4216,"(33.479062325, -86.8128063089)",PREVENT,ACCESS2,0107000,01073005800,Health Insurance
2015,AL,Alabama,Birmingham,Census Tract,BRFSS,Prevention,0107000-01073005903,Current lack of health insurance among adults aged 18–64 Years,%,CrdPrv,Crude prevalence,15.9,13.9,18.0,,,4933,"(33.597162309, -86.6766736351)",PREVENT,ACCESS2,0107000,01073005903,Health Insurance
2015,AL,Alabama,Birmingham,Census Tract,BRFSS,Prevention,0107000-01073005905,Current lack of health insurance among adults aged 18–64 Years,%,CrdPrv,Crude prevalence,21.4,18.2,24.7,,,5039,"(33.603988456, -86.7008123418)",PREVENT,ACCESS2,0107000,01073005905,Health Insurance
2015,AL,Alabama,Birmingham,Census Tract,BRFSS,Prevention,0107000-01073005907,Current lack of health insurance among adults aged 18–64 Years,%,CrdPrv,Crude prevalence,12.5,10.3,14.9,,,1975,"(33.6142861501, -86.6691996417)",PREVENT,ACCESS2,0107000,01073005907,Health Insurance
2015,AL,Alabama,Birmingham,Census Tract,BRFSS,Prevention,0107000-01073005908,Current lack of health insurance among adults aged 18–64 Years,%,CrdPrv,Crude prevalence,20.9,18.1,23.7,,,1621,"(33.6182924432, -86.6801483084)",PREVENT,ACCESS2,0107000,01073005908,Health Insurance
2015,AL,Alabama,Birmingham,Census Tract,BRFSS,Prevention,0107000-01073005909,Current lack of health insurance among adults aged 18–64 Years,%,CrdPrv,Crude prevalence,14.4,11.8,17.5,,,2524,"(33.611811773, -86.7214221514)",PREVENT,ACCESS2,0107000,01073005909,Health Insurance
2015,AL,Alabama,Birmingham,Census Tract,BRFSS,Prevention,0107000-01073005910,Current lack of health insurance among adults aged 18–64 Years,%,CrdPrv,Crude prevalence,14.7,12.6,17.1,,,4612,"(33.6299017499, -86.7194311229)",PREVENT,ACCESS2,0107000,01073005910,Health Insurance
2015,AL,Alabama,Birmingham,Census Tract,BRFSS,Prevention,0107000-01073010500,Current lack of health insurance among adults aged 18–64 Years,%,CrdPrv,Crude prevalence,21.8,18.2,25.9,,,114,"(33.4363786806, -86.9128923072)",PREVENT,ACCESS2,0107000,01073010500,Health Insurance
2015,AL,Alabama,Birmingham,Census Tract,BRFSS,Prevention,0107000-01073010701,Current lack of health insurance among adults aged 18–64 Years,%,CrdPrv,Crude prevalence,18.5,14.4,23.6,,,74,"(33.473886155, -86.8146487762)",PREVENT,ACCESS2,0107000,01073010701,Health Insurance
2015,AL,Alabama,Birmingham,Census Tract,BRFSS,Prevention,0107000-01073010706,Current lack of health insurance among adults aged 18–64 Years,%,CrdPrv,Crude prevalence,13.5,11.0,16.3,,,1528,"(33.4443709442, -86.8405352645)",PREVENT,ACCESS2,0107000,01073010706,Health Insurance
2015,AL,Alabama,Birmingham,Census Tract,BRFSS,Prevention,0107000-01073010801,Current lack of health insurance among adults aged 18–64 Years,%,CrdPrv,Crude prevalence,5.2,4.4,6.3,,,168,"(33.514097853, -86.7466971362)",PREVENT,ACCESS2,0107000,01073010801,Health Insurance
2015,AL,Alabama,Birmingham,Census Tract,BRFSS,Prevention,0107000-01073010802,Current lack of health insurance among adults aged 18–64 Years,%,CrdPrv,Crude prevalence,5.0,3.9,6.5,,,172,"(33.4885493477, -86.780843024)",PREVENT,ACCESS2,0107000,01073010802,Health Insurance
2015,AL,Alabama,Birmingham,Census Tract,BRFSS,Prevention,0107000-01073010803,Current lack of health insurance among adults aged 18–64 Years,%,CrdPrv,Crude prevalence,11.3,9.0,14.0,,,514,"(33.5229093892, -86.7102618642)",PREVENT,ACCESS2,0107000,01073010803,Health Insurance
2015,AL,Alabama,Birmingham,Census Tract,BRFSS,Prevention,0107000-01073010805,Current lack of health insurance among adults aged 18–64 Years,%,CrdPrv,Crude prevalence,7.3,5.5,9.9,,,86,"(33.4952792472, -86.6987184974)",PREVENT,ACCESS2,0107000,01073010805,Health Insurance
2015,AL,Alabama,Birmingham,Census Tract,BRFSS,Prevention,0107000-01073011104,Current lack of health insurance among adults aged 18–64 Years,%,CrdPrv,Crude prevalence,13.6,11.4,16.1,,,1688,"(33.6159436433, -86.6557892507)",PREVENT,ACCESS2,0107000,01073011104,Health Insurance
2015,AL,Alabama,Birmingham,Census Tract,BRFSS,Prevention,0107000-01073011107,Current lack of health insurance among adults aged 18–64 Years,%,CrdPrv,Crude prevalence,,,,*,Estimates suppressed for population less than 50,42,"(33.5804845249, -86.6301110961)",PREVENT,ACCESS2,0107000,01073011107,Health Insurance
2015,AL,Alabama,Birmingham,Census Tract,BRFSS,Prevention,0107000-01073011108,Current lack of health insurance among adults aged 18–64 Years,%,CrdPrv,Crude prevalence,,,,*,Estimates suppressed for population less than 50,9,"(33.6050742596, -86.6316729386)",PREVENT,ACCESS2,0107000,01073011108,Health Insurance
2015,AL,Alabama,Birmingham,Census Tract,BRFSS,Prevention,0107000-01073011207,Current lack of health insurance among adults aged 18–64 Years,%,CrdPrv,Crude prevalence,17.7,15.1,20.6,,,815,"(33.6718848706, -86.6772510465)",PREVENT,ACCESS2,0107000,01073011207,Health Insurance
2015,AL,Alabama,Birmingham,Census Tract,BRFSS,Prevention,0107000-01073011209,Current lack of health insurance among adults aged 18–64 Years,%,CrdPrv,Crude prevalence,20.2,17.2,24.2,,,1062,"(33.6557189992, -86.7050698349)",PREVENT,ACCESS2,0107000,01073011209,Health Insurance
2015,AL,Alabama,Birmingham,Census Tract,BRFSS,Prevention,0107000-01073011210,Current lack of health insurance among adults aged 18–64 Years,%,CrdPrv,Crude prevalence,21.5,17.0,26.7,,,1385,"(33.6641893755, -86.6956170686)",PREVENT,ACCESS2,0107000,01073011210,Health Insurance
2015,AL,Alabama,Birmingham,Census Tract,BRFSS,Prevention,0107000-01073011803,Current lack of health insurance among adults aged 18–64 Years,%,CrdPrv,Crude prevalence,18.1,15.4,21.3,,,928,"(33.6252575173, -86.6998610409)",PREVENT,ACCESS2,0107000,01073011803,Health Insurance
2015,AL,Alabama,Birmingham,Census Tract,BRFSS,Prevention,0107000-01073011804,Current lack of health insurance among adults aged 18–64 Years,%,CrdPrv,Crude prevalence,18.3,15.2,21.9,,,1157,"(33.6474916175, -86.7042974424)",PREVENT,ACCESS2,0107000,01073011804,Health Insurance
2015,AL,Alabama,Birmingham,Census Tract,BRFSS,Prevention,0107000-01073011901,Current lack of health insurance among adults aged 18–64 Years,%,CrdPrv,Crude prevalence,,,,*,Estimates suppressed for population less than 50,6,"(33.6355414646, -86.736946691)",PREVENT,ACCESS2,0107000,01073011901,Health Insurance
2015,AL,Alabama,Birmingham,Census Tract,BRFSS,Prevention,0107000-01073011904,Current lack of health insurance among adults aged 18–64 Years,%,CrdPrv,Crude prevalence,14.4,12.1,16.8,,,1915,"(33.593140185, -86.7357930541)",PREVENT,ACCESS2,0107000,01073011904,Health Insurance
2015,AL,Alabama,Birmingham,Census Tract,BRFSS,Prevention,0107000-01073012001,Current lack of health insurance among adults aged 18–64 Years,%,CrdPrv,Crude prevalence,14.5,12.5,16.7,,,304,"(33.5919486112, -86.864384068)",PREVENT,ACCESS2,0107000,01073012001,Health Insurance
2015,AL,Alabama,Birmingham,Census Tract,BRFSS,Prevention,0107000-01073012002,Current lack of health insurance among adults aged 18–64 Years,%,CrdPrv,Crude prevalence,,,,*,Estimates suppressed for population less than 50,44,"(33.5859234197, -86.8357007188)",PREVENT,ACCESS2,0107000,01073012002,Health Insurance
2015,AL,Alabama,Birmingham,Census Tract,BRFSS,Prevention,0107000-01073012200,Current lack of health insurance among adults aged 18–64 Years,%,CrdPrv,Crude prevalence,,,,*,Estimates suppressed for population less than 50,23,"(33.5967441904, -87.0879396857)",PREVENT,ACCESS2,0107000,01073012200,Health Insurance
2015,AL,Alabama,Birmingham,Census Tract,BRFSS,Prevention,0107000-01073012302,Current lack of health insurance among adults aged 18–64 Years,%,CrdPrv,Crude prevalence,12.7,10.6,15.2,,,144,"(33.5542816352, -87.0544691416)",PREVENT,ACCESS2,0107000,01073012302,Health Insurance
2015,AL,Alabama,Birmingham,Census Tract,BRFSS,Prevention,0107000-01073012305,Current lack of health insurance among adults aged 18–64 Years,%,CrdPrv,Crude prevalence,12.5,10.2,15.1,,,403,"(33.4695358064, -86.96831739)",PREVENT,ACCESS2,0107000,01073012305,Health Insurance
2015,AL,Alabama,Birmingham,Census Tract,BRFSS,Prevention,0107000-01073012401,Current lack of health insurance among adults aged 18–64 Years,%,CrdPrv,Crude prevalence,11.4,8.9,14.2,,,1066,"(33.5571951048, -86.8777935049)",PREVENT,ACCESS2,0107000,01073012401,Health Insurance
2015,AL,Alabama,Birmingham,Census Tract,BRFSS,Prevention,0107000-01073012402,Current lack of health insurance among adults aged 18–64 Years,%,CrdPrv,Crude prevalence,16.7,14.6,19.0,,,418,"(33.549984172, -86.8994543327)",PREVENT,ACCESS2,0107000,01073012402,Health Insurance
2015,AL,Alabama,Birmingham,Census Tract,BRFSS,Prevention,0107000-01073012500,Current lack of health insurance among adults aged 18–64 Years,%,CrdPrv,Crude prevalence,21.0,17.6,24.4,,,410,"(33.529160486, -86.9346476445)",PREVENT,ACCESS2,0107000,01073012500,Health Insurance
2015,AL,Alabama,Birmingham,Census Tract,BRFSS,Prevention,0107000-01073012602,Current lack of health insurance among adults aged 18–64 Years,%,CrdPrv,Crude prevalence,17.5,15.7,19.6,,,371,"(33.570164674, -86.666430582)",PREVENT,ACCESS2,0107000,01073012602,Health Insurance
2015,AL,Alabama,Birmingham,Census Tract,BRFSS,Prevention,0107000-01073012701,Current lack of health insurance among adults aged 18–64 Years,%,CrdPrv,Crude prevalence,,,,*,Estimates suppressed for population less than 50,44,"(33.5484078071, -86.6323773455)",PREVENT,ACCESS2,0107000,01073012701,Health Insurance
2015,AL,Alabama,Birmingham,Census Tract,BRFSS,Prevention,0107000-01073012703,Current lack of health insurance among adults aged 18–64 Years,%,CrdPrv,Crude prevalence,11.3,8.6,14.9,,,498,"(33.4681180943, -86.6671888213)",PREVENT,ACCESS2,0107000,01073012703,Health Insurance
2015,AL,Alabama,Birmingham,Census Tract,BRFSS,Prevention,0107000-01073012704,Current lack of health insurance among adults aged 18–64 Years,%,CrdPrv,Crude prevalence,8.9,6.8,11.5,,,113,"(33.5034195908, -86.6180983403)",PREVENT,ACCESS2,0107000,01073012704,Health Insurance
2015,AL,Alabama,Birmingham,Census Tract,BRFSS,Prevention,0107000-01073012803,Current lack of health insurance among adults aged 18–64 Years,%,CrdPrv,Crude prevalence,8.6,6.7,11.2,,,1261,"(33.4439425865, -86.7212936938)",PREVENT,ACCESS2,0107000,01073012803,Health Insurance
2015,AL,Alabama,Birmingham,Census Tract,BRFSS,Prevention,0107000-01073012910,Current lack of health insurance among adults aged 18–64 Years,%,CrdPrv,Crude prevalence,,,,*,Estimates suppressed for population less than 50,9,"(33.4345805042, -86.7263292059)",PREVENT,ACCESS2,0107000,01073012910,Health Insurance
2015,AL,Alabama,Birmingham,Census Tract,BRFSS,Prevention,0107000-01073013002,Current lack of health insurance among adults aged 18–64 Years,%,CrdPrv,Crude prevalence,21.3,17.1,25.6,,,1514,"(33.46604181, -86.8567287797)",PREVENT,ACCESS2,0107000,01073013002,Health Insurance
2015,AL,Alabama,Birmingham,Census Tract,BRFSS,Prevention,0107000-01073013100,Current lack of health insurance among adults aged 18–64 Years,%,CrdPrv,Crude prevalence,21.8,18.8,24.9,,,4424,"(33.44880214, -86.8878401579)",PREVENT,ACCESS2,0107000,01073013100,Health Insurance
2015,AL,Alabama,Birmingham,Census Tract,BRFSS,Prevention,0107000-01073013300,Current lack of health insurance among adults aged 18–64 Years,%,CrdPrv,Crude prevalence,23.5,19.5,27.5,,,1782,"(33.4396443569, -86.9248768665)",PREVENT,ACCESS2,0107000,01073013300,Health Insurance
2015,AL,Alabama,Birmingham,Census Tract,BRFSS,Prevention,0107000-01073013901,Current lack of health insurance among adults aged 18–64 Years,%,CrdPrv,Crude prevalence,18.0,14.8,21.7,,,952,"(33.4729384906, -86.9547337648)",PREVENT,ACCESS2,0107000,01073013901,Health Insurance
2015,AL,Alabama,Birmingham,Census Tract,BRFSS,Prevention,0107000-01073014302,Current lack of health insurance among adults aged 18–64 Years,%,CrdPrv,Crude prevalence,10.0,8.3,12.1,,,2778,"(33.4244658829, -86.8841474217)",PREVENT,ACCESS2,0107000,01073014302,Health Insurance
2015,AL,Alabama,Birmingham,Census Tract,BRFSS,Prevention,0107000-01073014413,Current lack of health insurance among adults aged 18–64 Years,%,CrdPrv,Crude prevalence,7.6,5.9,9.8,,,397,"(33.4226593117, -86.8508620751)",PREVENT,ACCESS2,0107000,01073014413,Health Insurance
2015,AL,Alabama,Birmingham,Census Tract,BRFSS,Prevention,0107000-01117030213,Current lack of health insurance among adults aged 18–64 Years,%,CrdPrv,Crude prevalence,9.3,7.7,11.4,,,644,"(33.4395975193, -86.6735959359)",PREVENT,ACCESS2,0107000,01117030213,Health Insurance
2015,AL,Alabama,Birmingham,Census Tract,BRFSS,Prevention,0107000-01117030217,Current lack of health insurance among adults aged 18–64 Years,%,CrdPrv,Crude prevalence,,,,*,Estimates suppressed for population less than 50,16,"(33.4556995763, -86.6520208639)",PREVENT,ACCESS2,0107000,01117030217,Health Insurance
2015,AL,Alabama,Birmingham,Census Tract,BRFSS,Prevention,0107000-01117030303,Current lack of health insurance among adults aged 18–64 Years,%,CrdPrv,Crude prevalence,9.9,8.1,12.0,,,968,"(33.4258661239, -86.713819356)",PREVENT,ACCESS2,0107000,01117030303,Health Insurance
2015,AL,Alabama,Birmingham,City,BRFSS,Health Outcomes,0107000,Arthritis among adults aged >=18 Years,%,AgeAdjPrv,Age-adjusted prevalence,31.0,30.8,31.1,,,212237,"(33.5275663773, -86.7988174678)",HLTHOUT,ARTHRITIS,0107000,,Arthritis
2015,AL,Alabama,Birmingham,City,BRFSS,Health Outcomes,0107000,Arthritis among adults aged >=18 Years,%,CrdPrv,Crude prevalence,30.9,30.8,31.1,,,212237,"(33.5275663773, -86.7988174678)",HLTHOUT,ARTHRITIS,0107000,,Arthritis
2015,AL,Alabama,Birmingham,Census Tract,BRFSS,Health Outcomes,0107000-01073000100,Arthritis among adults aged >=18 Years,%,CrdPrv,Crude prevalence,32.5,31.5,33.6,,,3042,"(33.5794328326, -86.7228323926)",HLTHOUT,ARTHRITIS,0107000,01073000100,Arthritis
2015,AL,Alabama,Birmingham,Census Tract,BRFSS,Health Outcomes,0107000-01073000300,Arthritis among adults aged >=18 Years,%,CrdPrv,Crude prevalence,31.3,30.0,32.4,,,2735,"(33.5428208686, -86.752433978)",HLTHOUT,ARTHRITIS,0107000,01073000300,Arthritis
2015,AL,Alabama,Birmingham,Census Tract,BRFSS,Health Outcomes,0107000-01073000400,Arthritis among adults aged >=18 Years,%,CrdPrv,Crude prevalence,34.6,33.2,35.9,,,3338,"(33.5632449633, -86.7640474064)",HLTHOUT,ARTHRITIS,0107000,01073000400,Arthritis
2015,AL,Alabama,Birmingham,Census Tract,BRFSS,Health Outcomes,0107000-01073000500,Arthritis among adults aged >=18 Years,%,CrdPrv,Crude prevalence,37.8,36.3,39.2,,,2864,"(33.5442404594, -86.7749130719)",HLTHOUT,ARTHRITIS,0107000,01073000500,Arthritis
2015,AL,Alabama,Birmingham,Census Tract,BRFSS,Health Outcomes,0107000-01073000700,Arthritis among adults aged >=18 Years,%,CrdPrv,Crude prevalence,38.5,37.1,39.9,,,2577,"(33.5525406139, -86.8016893706)",HLTHOUT,ARTHRITIS,0107000,01073000700,Arthritis
2015,AL,Alabama,Birmingham,Census Tract,BRFSS,Health Outcomes,0107000-01073000800,Arthritis among adults aged >=18 Years,%,CrdPrv,Crude prevalence,38.0,36.5,39.3,,,3859,"(33.549697789, -86.8330944744)",HLTHOUT,ARTHRITIS,0107000,01073000800,Arthritis
2015,AL,Alabama,Birmingham,Census Tract,BRFSS,Health Outcomes,0107000-01073001100,Arthritis among adults aged >=18 Years,%,CrdPrv,Crude prevalence,34.0,32.4,35.5,,,5354,"(33.5429143325, -86.8756782852)",HLTHOUT,ARTHRITIS,0107000,01073001100,Arthritis
2015,AL,Alabama,Birmingham,Census Tract,BRFSS,Health Outcomes,0107000-01073001200,Arthritis among adults aged >=18 Years,%,CrdPrv,Crude prevalence,36.5,35.4,37.6,,,2876,"(33.5278767706, -86.8604161686)",HLTHOUT,ARTHRITIS,0107000,01073001200,Arthritis
2015,AL,Alabama,Birmingham,Census Tract,BRFSS,Health Outcomes,0107000-01073001400,Arthritis among adults aged >=18 Years,%,CrdPrv,Crude prevalence,37.1,35.6,38.6,,,2181,"(33.5261497258, -86.835146606)",HLTHOUT,ARTHRITIS,0107000,01073001400,Arthritis
2015,AL,Alabama,Birmingham,Census Tract,BRFSS,Health Outcomes,0107000-01073001500,Arthritis among adults aged >=18 Years,%,CrdPrv,Crude prevalence,35.2,34.0,36.4,,,3189,"(33.5298727342, -86.8197191685)",HLTHOUT,ARTHRITIS,0107000,01073001500,Arthritis
2015,AL,Alabama,Birmingham,Census Tract,BRFSS,Health Outcomes,0107000-01073001600,Arthritis among adults aged >=18 Years,%,CrdPrv,Crude prevalence,39.9,38.4,41.3,,,3390,"(33.5372993423, -86.8036590482)",HLTHOUT,ARTHRITIS,0107000,01073001600,Arthritis
2015,AL,Alabama,Birmingham,Census Tract,BRFSS,Health Outcomes,0107000-01073001902,Arthritis among adults aged >=18 Years,%,CrdPrv,Crude prevalence,35.1,34.0,36.1,,,1894,"(33.5532050997, -86.7429801603)",HLTHOUT,ARTHRITIS,0107000,01073001902,Arthritis
2015,AL,Alabama,Birmingham,Census Tract,BRFSS,Health Outcomes,0107000-01073002000,Arthritis among adults aged >=18 Years,%,CrdPrv,Crude prevalence,36.3,34.9,37.7,,,3885,"(33.5541574106, -86.7167229915)",HLTHOUT,ARTHRITIS,0107000,01073002000,Arthritis
2015,AL,Alabama,Birmingham,Census Tract,BRFSS,Health Outcomes,0107000-01073002100,Arthritis among adults aged >=18 Years,%,CrdPrv,Crude prevalence,33.1,31.8,34.3,,,3186,"(33.5650015942, -86.7101024766)",HLTHOUT,ARTHRITIS,0107000,01073002100,Arthritis
2015,AL,Alabama,Birmingham,Census Tract,BRFSS,Health Outcomes,0107000-01073002200,Arthritis among adults aged >=18 Years,%,CrdPrv,Crude prevalence,32.4,31.2,33.6,,,2630,"(33.5521301205, -86.7276759508)",HLTHOUT,ARTHRITIS,0107000,01073002200,Arthritis
2015,AL,Alabama,Birmingham,Census Tract,BRFSS,Health Outcomes,0107000-01073002303,Arthritis among adults aged >=18 Years,%,CrdPrv,Crude prevalence,33.4,32.2,34.6,,,2936,"(33.5383153207, -86.7270445428)",HLTHOUT,ARTHRITIS,0107000,01073002303,Arthritis
2015,AL,Alabama,Birmingham,Census Tract,BRFSS,Health Outcomes,0107000-01073002305,Arthritis among adults aged >=18 Years,%,CrdPrv,Crude prevalence,22.3,21.3,23.3,,,2952,"(33.5333415976, -86.7479566084)",HLTHOUT,ARTHRITIS,0107000,01073002305,Arthritis
2015,AL,Alabama,Birmingham,Census Tract,BRFSS,Health Outcomes,0107000-01073002306,Arthritis among adults aged >=18 Years,%,CrdPrv,Crude prevalence,26.9,25.9,27.9,,,3257,"(33.5213873564, -86.7490031289)",HLTHOUT,ARTHRITIS,0107000,01073002306,Arthritis
2015,AL,Alabama,Birmingham,Census Tract,BRFSS,Health Outcomes,0107000-01073002400,Arthritis among adults aged >=18 Years,%,CrdPrv,Crude prevalence,31.0,30.0,31.9,,,3629,"(33.5260748309, -86.7830315488)",HLTHOUT,ARTHRITIS,0107000,01073002400,Arthritis
2015,AL,Alabama,Birmingham,Census Tract,BRFSS,Health Outcomes,0107000-01073002700,Arthritis among adults aged >=18 Years,%,CrdPrv,Crude prevalence,27.2,25.9,28.5,,,3992,"(33.5176008419, -86.8106887452)",HLTHOUT,ARTHRITIS,0107000,01073002700,Arthritis
2015,AL,Alabama,Birmingham,Census Tract,BRFSS,Health Outcomes,0107000-01073002900,Arthritis among adults aged >=18 Years,%,CrdPrv,Crude prevalence,38.7,37.0,40.3,,,2064,"(33.5132498864, -86.83004749)",HLTHOUT,ARTHRITIS,0107000,01073002900,Arthritis
2015,AL,Alabama,Birmingham,Census Tract,BRFSS,Health Outcomes,0107000-01073003001,Arthritis among adults aged >=18 Years,%,CrdPrv,Crude prevalence,24.3,23.6,25.0,,,3779,"(33.5125158094, -86.8577164946)",HLTHOUT,ARTHRITIS,0107000,01073003001,Arthritis
2015,AL,Alabama,Birmingham,Census Tract,BRFSS,Health Outcomes,0107000-01073003002,Arthritis among adults aged >=18 Years,%,CrdPrv,Crude prevalence,40.9,39.1,42.7,,,2203,"(33.512258109, -86.8441439907)",HLTHOUT,ARTHRITIS,0107000,01073003002,Arthritis
2015,AL,Alabama,Birmingham,Census Tract,BRFSS,Health Outcomes,0107000-01073003100,Arthritis among adults aged >=18 Years,%,CrdPrv,Crude prevalence,34.1,32.7,35.4,,,3637,"(33.5059655756, -86.8745506086)",HLTHOUT,ARTHRITIS,0107000,01073003100,Arthritis
2015,AL,Alabama,Birmingham,Census Tract,BRFSS,Health Outcomes,0107000-01073003200,Arthritis among adults aged >=18 Years,%,CrdPrv,Crude prevalence,39.0,37.6,40.3,,,931,"(33.5094018502, -86.8859081961)",HLTHOUT,ARTHRITIS,0107000,01073003200,Arthritis
2015,AL,Alabama,Birmingham,Census Tract,BRFSS,Health Outcomes,0107000-01073003300,Arthritis among adults aged >=18 Years,%,CrdPrv,Crude prevalence,38.6,37.3,39.9,,,947,"(33.5171261108, -86.8913819749)",HLTHOUT,ARTHRITIS,0107000,01073003300,Arthritis
2015,AL,Alabama,Birmingham,Census Tract,BRFSS,Health Outcomes,0107000-01073003400,Arthritis among adults aged >=18 Years,%,CrdPrv,Crude prevalence,36.3,34.9,37.7,,,2477,"(33.5052229234, -86.9014844656)",HLTHOUT,ARTHRITIS,0107000,01073003400,Arthritis
2015,AL,Alabama,Birmingham,Census Tract,BRFSS,Health Outcomes,0107000-01073003500,Arthritis among adults aged >=18 Years,%,CrdPrv,Crude prevalence,32.8,31.5,34.0,,,2780,"(33.5065714011, -86.9195910063)",HLTHOUT,ARTHRITIS,0107000,01073003500,Arthritis
2015,AL,Alabama,Birmingham,Census Tract,BRFSS,Health Outcomes,0107000-01073003600,Arthritis among adults aged >=18 Years,%,CrdPrv,Crude prevalence,33.4,32.1,34.7,,,4683,"(33.48476397, -86.8981392947)",HLTHOUT,ARTHRITIS,0107000,01073003600,Arthritis
2015,AL,Alabama,Birmingham,Census Tract,BRFSS,Health Outcomes,0107000-01073003700,Arthritis among adults aged >=18 Years,%,CrdPrv,Crude prevalence,31.2,30.1,32.1,,,5063,"(33.4969018589, -86.8907729426)",HLTHOUT,ARTHRITIS,0107000,01073003700,Arthritis
2015,AL,Alabama,Birmingham,Census Tract,BRFSS,Health Outcomes,0107000-01073003802,Arthritis among adults aged >=18 Years,%,CrdPrv,Crude prevalence,32.1,31.0,33.2,,,5409,"(33.4785707794, -86.890000907)",HLTHOUT,ARTHRITIS,0107000,01073003802,Arthritis
2015,AL,Alabama,Birmingham,Census Tract,BRFSS,Health Outcomes,0107000-01073003803,Arthritis among adults aged >=18 Years,%,CrdPrv,Crude prevalence,36.0,34.5,37.3,,,4199,"(33.485945214, -86.869692186)",HLTHOUT,ARTHRITIS,0107000,01073003803,Arthritis
2015,AL,Alabama,Birmingham,Census Tract,BRFSS,Health Outcomes,0107000-01073003900,Arthritis among adults aged >=18 Years,%,CrdPrv,Crude prevalence,32.9,31.8,33.9,,,1783,"(33.4989959327, -86.8647600038)",HLTHOUT,ARTHRITIS,0107000,01073003900,Arthritis
2015,AL,Alabama,Birmingham,Census Tract,BRFSS,Health Outcomes,0107000-01073004000,Arthritis among adults aged >=18 Years,%,CrdPrv,Crude prevalence,37.8,36.4,39.3,,,3772,"(33.4953246015, -86.8516232073)",HLTHOUT,ARTHRITIS,0107000,01073004000,Arthritis
2015,AL,Alabama,Birmingham,Census Tract,BRFSS,Health Outcomes,0107000-01073004200,Arthritis among adults aged >=18 Years,%,CrdPrv,Crude prevalence,36.6,35.5,37.7,,,2341,"(33.5007439361, -86.8270720379)",HLTHOUT,ARTHRITIS,0107000,01073004200,Arthritis
2015,AL,Alabama,Birmingham,Census Tract,BRFSS,Health Outcomes,0107000-01073004500,Arthritis among adults aged >=18 Years,%,CrdPrv,Crude prevalence,15.1,14.4,15.8,,,5003,"(33.5041857556, -86.8033798346)",HLTHOUT,ARTHRITIS,0107000,01073004500,Arthritis
2015,AL,Alabama,Birmingham,Census Tract,BRFSS,Health Outcomes,0107000-01073004701,Arthritis among adults aged >=18 Years,%,CrdPrv,Crude prevalence,23.7,22.5,24.9,,,3480,"(33.5075242148, -86.7836675838)",HLTHOUT,ARTHRITIS,0107000,01073004701,Arthritis
2015,AL,Alabama,Birmingham,Census Tract,BRFSS,Health Outcomes,0107000-01073004702,Arthritis among adults aged >=18 Years,%,CrdPrv,Crude prevalence,27.0,25.9,28.1,,,2944,"(33.5119902661, -86.7694550989)",HLTHOUT,ARTHRITIS,0107000,01073004702,Arthritis
2015,AL,Alabama,Birmingham,Census Tract,BRFSS,Health Outcomes,0107000-01073004800,Arthritis among adults aged >=18 Years,%,CrdPrv,Crude prevalence,30.1,29.0,31.2,,,1861,"(33.4989064008, -86.78269914)",HLTHOUT,ARTHRITIS,0107000,01073004800,Arthritis
2015,AL,Alabama,Birmingham,Census Tract,BRFSS,Health Outcomes,0107000-01073004901,Arthritis among adults aged >=18 Years,%,CrdPrv,Crude prevalence,22.1,21.2,23.0,,,1167,"(33.4971595645, -86.7917440668)",HLTHOUT,ARTHRITIS,0107000,01073004901,Arthritis
2015,AL,Alabama,Birmingham,Census Tract,BRFSS,Health Outcomes,0107000-01073004902,Arthritis among adults aged >=18 Years,%,CrdPrv,Crude prevalence,18.4,17.5,19.4,,,3146,"(33.4935824043, -86.8009294603)",HLTHOUT,ARTHRITIS,0107000,01073004902,Arthritis
2015,AL,Alabama,Birmingham,Census Tract,BRFSS,Health Outcomes,0107000-01073005000,Arthritis among adults aged >=18 Years,%,CrdPrv,Crude prevalence,19.6,18.7,20.4,,,3482,"(33.4866689795, -86.8173262831)",HLTHOUT,ARTHRITIS,0107000,01073005000,Arthritis
2015,AL,Alabama,Birmingham,Census Tract,BRFSS,Health Outcomes,0107000-01073005101,Arthritis among adults aged >=18 Years,%,CrdPrv,Crude prevalence,36.6,35.3,37.8,,,1507,"(33.4945909008, -86.834763936)",HLTHOUT,ARTHRITIS,0107000,01073005101,Arthritis
2015,AL,Alabama,Birmingham,Census Tract,BRFSS,Health Outcomes,0107000-01073005103,Arthritis among adults aged >=18 Years,%,CrdPrv,Crude prevalence,40.1,38.6,41.7,,,2587,"(33.485714885, -86.8327817467)",HLTHOUT,ARTHRITIS,0107000,01073005103,Arthritis
2015,AL,Alabama,Birmingham,Census Tract,BRFSS,Health Outcomes,0107000-01073005104,Arthritis among adults aged >=18 Years,%,CrdPrv,Crude prevalence,18.9,18.0,19.8,,,2881,"(33.4749941816, -86.8335421747)",HLTHOUT,ARTHRITIS,0107000,01073005104,Arthritis
2015,AL,Alabama,Birmingham,Census Tract,BRFSS,Health Outcomes,0107000-01073005200,Arthritis among adults aged >=18 Years,%,CrdPrv,Crude prevalence,37.9,36.1,39.7,,,3740,"(33.4806708775, -86.8508671514)",HLTHOUT,ARTHRITIS,0107000,01073005200,Arthritis
2015,AL,Alabama,Birmingham,Census Tract,BRFSS,Health Outcomes,0107000-01073005302,Arthritis among adults aged >=18 Years,%,CrdPrv,Crude prevalence,33.2,31.8,34.5,,,3463,"(33.5766456449, -86.6965590316)",HLTHOUT,ARTHRITIS,0107000,01073005302,Arthritis
2015,AL,Alabama,Birmingham,Census Tract,BRFSS,Health Outcomes,0107000-01073005500,Arthritis among adults aged >=18 Years,%,CrdPrv,Crude prevalence,36.7,35.4,37.9,,,1824,"(33.5670293898, -86.8005567213)",HLTHOUT,ARTHRITIS,0107000,01073005500,Arthritis
2015,AL,Alabama,Birmingham,Census Tract,BRFSS,Health Outcomes,0107000-01073005600,Arthritis among adults aged >=18 Years,%,CrdPrv,Crude prevalence,31.8,30.3,33.2,,,4367,"(33.5200981234, -86.7272063198)",HLTHOUT,ARTHRITIS,0107000,01073005600,Arthritis
2015,AL,Alabama,Birmingham,Census Tract,BRFSS,Health Outcomes,0107000-01073005701,Arthritis among adults aged >=18 Years,%,CrdPrv,Crude prevalence,35.8,34.1,37.3,,,2372,"(33.4629543329, -86.8898406628)",HLTHOUT,ARTHRITIS,0107000,01073005701,Arthritis
2015,AL,Alabama,Birmingham,Census Tract,BRFSS,Health Outcomes,0107000-01073005702,Arthritis among adults aged >=18 Years,%,CrdPrv,Crude prevalence,37.8,36.0,39.3,,,3413,"(33.4698691385, -86.874290602)",HLTHOUT,ARTHRITIS,0107000,01073005702,Arthritis
2015,AL,Alabama,Birmingham,Census Tract,BRFSS,Health Outcomes,0107000-01073005800,Arthritis among adults aged >=18 Years,%,CrdPrv,Crude prevalence,18.4,17.7,19.1,,,4216,"(33.479062325, -86.8128063089)",HLTHOUT,ARTHRITIS,0107000,01073005800,Arthritis
2015,AL,Alabama,Birmingham,Census Tract,BRFSS,Health Outcomes,0107000-01073005903,Arthritis among adults aged >=18 Years,%,CrdPrv,Crude prevalence,32.2,31.1,33.3,,,4933,"(33.597162309, -86.6766736351)",HLTHOUT,ARTHRITIS,0107000,01073005903,Arthritis
2015,AL,Alabama,Birmingham,Census Tract,BRFSS,Health Outcomes,0107000-01073005905,Arthritis among adults aged >=18 Years,%,CrdPrv,Crude prevalence,34.2,32.9,35.4,,,5039,"(33.603988456, -86.7008123418)",HLTHOUT,ARTHRITIS,0107000,01073005905,Arthritis
2015,AL,Alabama,Birmingham,Census Tract,BRFSS,Health Outcomes,0107000-01073005907,Arthritis among adults aged >=18 Years,%,CrdPrv,Crude prevalence,30.1,28.9,31.3,,,1975,"(33.6142861501, -86.6691996417)",HLTHOUT,ARTHRITIS,0107000,01073005907,Arthritis
2015,AL,Alabama,Birmingham,Census Tract,BRFSS,Health Outcomes,0107000-01073005908,Arthritis among adults aged >=18 Years,%,CrdPrv,Crude prevalence,32.5,31.5,33.5,,,1621,"(33.6182924432, -86.6801483084)",HLTHOUT,ARTHRITIS,0107000,01073005908,Arthritis
2015,AL,Alabama,Birmingham,Census Tract,BRFSS,Health Outcomes,0107000-01073005909,Arthritis among adults aged >=18 Years,%,CrdPrv,Crude prevalence,28.0,26.5,29.4,,,2524,"(33.611811773, -86.7214221514)",HLTHOUT,ARTHRITIS,0107000,01073005909,Arthritis
2015,AL,Alabama,Birmingham,Census Tract,BRFSS,Health Outcomes,0107000-01073005910,Arthritis among adults aged >=18 Years,%,CrdPrv,Crude prevalence,28.0,26.8,29.1,,,4612,"(33.6299017499, -86.7194311229)",HLTHOUT,ARTHRITIS,0107000,01073005910,Arthritis
2015,AL,Alabama,Birmingham,Census Tract,BRFSS,Health Outcomes,0107000-01073010500,Arthritis among adults aged >=18 Years,%,CrdPrv,Crude prevalence,41.3,39.4,43.1,,,114,"(33.4363786806, -86.9128923072)",HLTHOUT,ARTHRITIS,0107000,01073010500,Arthritis
2015,AL,Alabama,Birmingham,Census Tract,BRFSS,Health Outcomes,0107000-01073010701,Arthritis among adults aged >=18 Years,%,CrdPrv,Crude prevalence,15.1,14.0,16.3,,,74,"(33.473886155, -86.8146487762)",HLTHOUT,ARTHRITIS,0107000,01073010701,Arthritis
2015,AL,Alabama,Birmingham,Census Tract,BRFSS,Health Outcomes,0107000-01073010706,Arthritis among adults aged >=18 Years,%,CrdPrv,Crude prevalence,15.3,14.6,16.0,,,1528,"(33.4443709442, -86.8405352645)",HLTHOUT,ARTHRITIS,0107000,01073010706,Arthritis
2015,AL,Alabama,Birmingham,Census Tract,BRFSS,Health Outcomes,0107000-01073010801,Arthritis among adults aged >=18 Years,%,CrdPrv,Crude prevalence,24.9,23.9,26.2,,,168,"(33.514097853, -86.7466971362)",HLTHOUT,ARTHRITIS,0107000,01073010801,Arthritis
2015,AL,Alabama,Birmingham,Census Tract,BRFSS,Health Outcomes,0107000-01073010802,Arthritis among adults aged >=18 Years,%,CrdPrv,Crude prevalence,33.2,31.7,35.0,,,172,"(33.4885493477, -86.780843024)",HLTHOUT,ARTHRITIS,0107000,01073010802,Arthritis
2015,AL,Alabama,Birmingham,Census Tract,BRFSS,Health Outcomes,0107000-01073010803,Arthritis among adults aged >=18 Years,%,CrdPrv,Crude prevalence,23.8,22.6,25.0,,,514,"(33.5229093892, -86.7102618642)",HLTHOUT,ARTHRITIS,0107000,01073010803,Arthritis
2015,AL,Alabama,Birmingham,Census Tract,BRFSS,Health Outcomes,0107000-01073010805,Arthritis among adults aged >=18 Years,%,CrdPrv,Crude prevalence,32.0,30.1,34.0,,,86,"(33.4952792472, -86.6987184974)",HLTHOUT,ARTHRITIS,0107000,01073010805,Arthritis
2015,AL,Alabama,Birmingham,Census Tract,BRFSS,Health Outcomes,0107000-01073011104,Arthritis among adults aged >=18 Years,%,CrdPrv,Crude prevalence,29.8,28.5,31.1,,,1688,"(33.6159436433, -86.6557892507)",HLTHOUT,ARTHRITIS,0107000,01073011104,Arthritis
2015,AL,Alabama,Birmingham,Census Tract,BRFSS,Health Outcomes,0107000-01073011107,Arthritis among adults aged >=18 Years,%,CrdPrv,Crude prevalence,,,,*,Estimates suppressed for population less than 50,42,"(33.5804845249, -86.6301110961)",HLTHOUT,ARTHRITIS,0107000,01073011107,Arthritis
2015,AL,Alabama,Birmingham,Census Tract,BRFSS,Health Outcomes,0107000-01073011108,Arthritis among adults aged >=18 Years,%,CrdPrv,Crude prevalence,,,,*,Estimates suppressed for population less than 50,9,"(33.6050742596, -86.6316729386)",HLTHOUT,ARTHRITIS,0107000,01073011108,Arthritis
2015,AL,Alabama,Birmingham,Census Tract,BRFSS,Health Outcomes,0107000-01073011207,Arthritis among adults aged >=18 Years,%,CrdPrv,Crude prevalence,25.3,24.3,26.2,,,815,"(33.6718848706, -86.6772510465)",HLTHOUT,ARTHRITIS,0107000,01073011207,Arthritis
2015,AL,Alabama,Birmingham,Census Tract,BRFSS,Health Outcomes,0107000-01073011209,Arthritis among adults aged >=18 Years,%,CrdPrv,Crude prevalence,27.2,26.1,28.3,,,1062,"(33.6557189992, -86.7050698349)",HLTHOUT,ARTHRITIS,0107000,01073011209,Arthritis
2015,AL,Alabama,Birmingham,Census Tract,BRFSS,Health Outcomes,0107000-01073011210,Arthritis among adults aged >=18 Years,%,CrdPrv,Crude prevalence,23.8,22.3,25.3,,,1385,"(33.6641893755, -86.6956170686)",HLTHOUT,ARTHRITIS,0107000,01073011210,Arthritis
2015,AL,Alabama,Birmingham,Census Tract,BRFSS,Health Outcomes,0107000-01073011803,Arthritis among adults aged >=18 Years,%,CrdPrv,Crude prevalence,28.2,27.0,29.4,,,928,"(33.6252575173, -86.6998610409)",HLTHOUT,ARTHRITIS,0107000,01073011803,Arthritis
2015,AL,Alabama,Birmingham,Census Tract,BRFSS,Health Outcomes,0107000-01073011804,Arthritis among adults aged >=18 Years,%,CrdPrv,Crude prevalence,25.8,24.6,27.0,,,1157,"(33.6474916175, -86.7042974424)",HLTHOUT,ARTHRITIS,0107000,01073011804,Arthritis
2015,AL,Alabama,Birmingham,Census Tract,BRFSS,Health Outcomes,0107000-01073011901,Arthritis among adults aged >=18 Years,%,CrdPrv,Crude prevalence,,,,*,Estimates suppressed for population less than 50,6,"(33.6355414646, -86.736946691)",HLTHOUT,ARTHRITIS,0107000,01073011901,Arthritis
2015,AL,Alabama,Birmingham,Census Tract,BRFSS,Health Outcomes,0107000-01073011904,Arthritis among adults aged >=18 Years,%,CrdPrv,Crude prevalence,34.8,33.3,36.3,,,1915,"(33.593140185, -86.7357930541)",HLTHOUT,ARTHRITIS,0107000,01073011904,Arthritis
2015,AL,Alabama,Birmingham,Census Tract,BRFSS,Health Outcomes,0107000-01073012001,Arthritis among adults aged >=18 Years,%,CrdPrv,Crude prevalence,44.8,42.9,46.6,,,304,"(33.5919486112, -86.864384068)",HLTHOUT,ARTHRITIS,0107000,01073012001,Arthritis
2015,AL,Alabama,Birmingham,Census Tract,BRFSS,Health Outcomes,0107000-01073012002,Arthritis among adults aged >=18 Years,%,CrdPrv,Crude prevalence,,,,*,Estimates suppressed for population less than 50,44,"(33.5859234197, -86.8357007188)",HLTHOUT,ARTHRITIS,0107000,01073012002,Arthritis
2015,AL,Alabama,Birmingham,Census Tract,BRFSS,Health Outcomes,0107000-01073012200,Arthritis among adults aged >=18 Years,%,CrdPrv,Crude prevalence,,,,*,Estimates suppressed for population less than 50,23,"(33.5967441904, -87.0879396857)",HLTHOUT,ARTHRITIS,0107000,01073012200,Arthritis
2015,AL,Alabama,Birmingham,Census Tract,BRFSS,Health Outcomes,0107000-01073012302,Arthritis among adults aged >=18 Years,%,CrdPrv,Crude prevalence,26.3,25.2,27.5,,,144,"(33.5542816352, -87.0544691416)",HLTHOUT,ARTHRITIS,0107000,01073012302,Arthritis
2015,AL,Alabama,Birmingham,Census Tract,BRFSS,Health Outcomes,0107000-01073012305,Arthritis among adults aged >=18 Years,%,CrdPrv,Crude prevalence,30.5,28.6,32.2,,,403,"(33.4695358064, -86.96831739)",HLTHOUT,ARTHRITIS,0107000,01073012305,Arthritis
2015,AL,Alabama,Birmingham,Census Tract,BRFSS,Health Outcomes,0107000-01073012401,Arthritis among adults aged >=18 Years,%,CrdPrv,Crude prevalence,27.4,25.6,29.4,,,1066,"(33.5571951048, -86.8777935049)",HLTHOUT,ARTHRITIS,0107000,01073012401,Arthritis
2015,AL,Alabama,Birmingham,Census Tract,BRFSS,Health Outcomes,0107000-01073012402,Arthritis among adults aged >=18 Years,%,CrdPrv,Crude prevalence,31.9,30.8,33.0,,,418,"(33.549984172, -86.8994543327)",HLTHOUT,ARTHRITIS,0107000,01073012402,Arthritis
2015,AL,Alabama,Birmingham,Census Tract,BRFSS,Health Outcomes,0107000-01073012500,Arthritis among adults aged >=18 Years,%,CrdPrv,Crude prevalence,37.9,36.5,39.4,,,410,"(33.529160486, -86.9346476445)",HLTHOUT,ARTHRITIS,0107000,01073012500,Arthritis
2015,AL,Alabama,Birmingham,Census Tract,BRFSS,Health Outcomes,0107000-01073012602,Arthritis among adults aged >=18 Years,%,CrdPrv,Crude prevalence,35.4,34.5,36.3,,,371,"(33.570164674, -86.666430582)",HLTHOUT,ARTHRITIS,0107000,01073012602,Arthritis
2015,AL,Alabama,Birmingham,Census Tract,BRFSS,Health Outcomes,0107000-01073012701,Arthritis among adults aged >=18 Years,%,CrdPrv,Crude prevalence,,,,*,Estimates suppressed for population less than 50,44,"(33.5484078071, -86.6323773455)",HLTHOUT,ARTHRITIS,0107000,01073012701,Arthritis
2015,AL,Alabama,Birmingham,Census Tract,BRFSS,Health Outcomes,0107000-01073012703,Arthritis among adults aged >=18 Years,%,CrdPrv,Crude prevalence,14.8,13.8,15.9,,,498,"(33.4681180943, -86.6671888213)",HLTHOUT,ARTHRITIS,0107000,01073012703,Arthritis
2015,AL,Alabama,Birmingham,Census Tract,BRFSS,Health Outcomes,0107000-01073012704,Arthritis among adults aged >=18 Years,%,CrdPrv,Crude prevalence,27.0,25.2,29.0,,,113,"(33.5034195908, -86.6180983403)",HLTHOUT,ARTHRITIS,0107000,01073012704,Arthritis
2015,AL,Alabama,Birmingham,Census Tract,BRFSS,Health Outcomes,0107000-01073012803,Arthritis among adults aged >=18 Years,%,CrdPrv,Crude prevalence,11.9,11.1,12.7,,,1261,"(33.4439425865, -86.7212936938)",HLTHOUT,ARTHRITIS,0107000,01073012803,Arthritis
2015,AL,Alabama,Birmingham,Census Tract,BRFSS,Health Outcomes,0107000-01073012910,Arthritis among adults aged >=18 Years,%,CrdPrv,Crude prevalence,,,,*,Estimates suppressed for population less than 50,9,"(33.4345805042, -86.7263292059)",HLTHOUT,ARTHRITIS,0107000,01073012910,Arthritis
2015,AL,Alabama,Birmingham,Census Tract,BRFSS,Health Outcomes,0107000-01073013002,Arthritis among adults aged >=18 Years,%,CrdPrv,Crude prevalence,41.0,39.1,42.9,,,1514,"(33.46604181, -86.8567287797)",HLTHOUT,ARTHRITIS,0107000,01073013002,Arthritis
2015,AL,Alabama,Birmingham,Census Tract,BRFSS,Health Outcomes,0107000-01073013100,Arthritis among adults aged >=18 Years,%,CrdPrv,Crude prevalence,38.7,37.5,39.9,,,4424,"(33.44880214, -86.8878401579)",HLTHOUT,ARTHRITIS,0107000,01073013100,Arthritis
2015,AL,Alabama,Birmingham,Census Tract,BRFSS,Health Outcomes,0107000-01073013300,Arthritis among adults aged >=18 Years,%,CrdPrv,Crude prevalence,39.2,37.6,40.7,,,1782,"(33.4396443569, -86.9248768665)",HLTHOUT,ARTHRITIS,0107000,01073013300,Arthritis
2015,AL,Alabama,Birmingham,Census Tract,BRFSS,Health Outcomes,0107000-01073013901,Arthritis among adults aged >=18 Years,%,CrdPrv,Crude prevalence,35.0,33.4,36.6,,,952,"(33.4729384906, -86.9547337648)",HLTHOUT,ARTHRITIS,0107000,01073013901,Arthritis
2015,AL,Alabama,Birmingham,Census Tract,BRFSS,Health Outcomes,0107000-01073014302,Arthritis among adults aged >=18 Years,%,CrdPrv,Crude prevalence,19.0,18.1,19.8,,,2778,"(33.4244658829, -86.8841474217)",HLTHOUT,ARTHRITIS,0107000,01073014302,Arthritis
2015,AL,Alabama,Birmingham,Census Tract,BRFSS,Health Outcomes,0107000-01073014413,Arthritis among adults aged >=18 Years,%,CrdPrv,Crude prevalence,17.7,16.9,18.6,,,397,"(33.4226593117, -86.8508620751)",HLTHOUT,ARTHRITIS,0107000,01073014413,Arthritis
2015,AL,Alabama,Birmingham,Census Tract,BRFSS,Health Outcomes,0107000-01117030213,Arthritis among adults aged >=18 Years,%,CrdPrv,Crude prevalence,20.3,19.1,21.5,,,644,"(33.4395975193, -86.6735959359)",HLTHOUT,ARTHRITIS,0107000,01117030213,Arthritis
2015,AL,Alabama,Birmingham,Census Tract,BRFSS,Health Outcomes,0107000-01117030217,Arthritis among adults aged >=18 Years,%,CrdPrv,Crude prevalence,,,,*,Estimates suppressed for population less than 50,16,"(33.4556995763, -86.6520208639)",HLTHOUT,ARTHRITIS,0107000,01117030217,Arthritis
2015,AL,Alabama,Birmingham,Census Tract,BRFSS,Health Outcomes,0107000-01117030303,Arthritis among adults aged >=18 Years,%,CrdPrv,Crude prevalence,12.8,12.1,13.6,,,968,"(33.4258661239, -86.713819356)",HLTHOUT,ARTHRITIS,0107000,01117030303,Arthritis
2015,AL,Alabama,Birmingham,City,BRFSS,Unhealthy Behaviors,0107000,Binge drinking among adults aged >=18 Years,%,AgeAdjPrv,Age-adjusted prevalence,11.2,11.1,11.3,,,212237,"(33.5275663773, -86.7988174678)",UNHBEH,BINGE,0107000,,Binge Drinking
2015,AL,Alabama,Birmingham,City,BRFSS,Unhealthy Behaviors,0107000,Binge drinking among adults aged >=18 Years,%,CrdPrv,Crude prevalence,11.3,11.3,11.4,,,212237,"(33.5275663773, -86.7988174678)",UNHBEH,BINGE,0107000,,Binge Drinking
2015,AL,Alabama,Birmingham,Census Tract,BRFSS,Unhealthy Behaviors,0107000-01073000100,Binge drinking among adults aged >=18 Years,%,CrdPrv,Crude prevalence,10.1,9.7,10.5,,,3042,"(33.5794328326, -86.7228323926)",UNHBEH,BINGE,0107000,01073000100,Binge Drinking
2015,AL,Alabama,Birmingham,Census Tract,BRFSS,Unhealthy Behaviors,0107000-01073000300,Binge drinking among adults aged >=18 Years,%,CrdPrv,Crude prevalence,10.8,10.3,11.2,,,2735,"(33.5428208686, -86.752433978)",UNHBEH,BINGE,0107000,01073000300,Binge Drinking
2015,AL,Alabama,Birmingham,Census Tract,BRFSS,Unhealthy Behaviors,0107000-01073000400,Binge drinking among adults aged >=18 Years,%,CrdPrv,Crude prevalence,9.5,9.0,10.0,,,3338,"(33.5632449633, -86.7640474064)",UNHBEH,BINGE,0107000,01073000400,Binge Drinking
2015,AL,Alabama,Birmingham,Census Tract,BRFSS,Unhealthy Behaviors,0107000-01073000500,Binge drinking among adults aged >=18 Years,%,CrdPrv,Crude prevalence,8.6,8.1,9.0,,,2864,"(33.5442404594, -86.7749130719)",UNHBEH,BINGE,0107000,01073000500,Binge Drinking
2015,AL,Alabama,Birmingham,Census Tract,BRFSS,Unhealthy Behaviors,0107000-01073000700,Binge drinking among adults aged >=18 Years,%,CrdPrv,Crude prevalence,7.4,6.9,7.9,,,2577,"(33.5525406139, -86.8016893706)",UNHBEH,BINGE,0107000,01073000700,Binge Drinking
2015,AL,Alabama,Birmingham,Census Tract,BRFSS,Unhealthy Behaviors,0107000-01073000800,Binge drinking among adults aged >=18 Years,%,CrdPrv,Crude prevalence,8.9,8.5,9.3,,,3859,"(33.549697789, -86.8330944744)",UNHBEH,BINGE,0107000,01073000800,Binge Drinking
2015,AL,Alabama,Birmingham,Census Tract,BRFSS,Unhealthy Behaviors,0107000-01073001100,Binge drinking among adults aged >=18 Years,%,CrdPrv,Crude prevalence,9.6,9.2,10.1,,,5354,"(33.5429143325, -86.8756782852)",UNHBEH,BINGE,0107000,01073001100,Binge Drinking
2015,AL,Alabama,Birmingham,Census Tract,BRFSS,Unhealthy Behaviors,0107000-01073001200,Binge drinking among adults aged >=18 Years,%,CrdPrv,Crude prevalence,9.4,9.1,9.7,,,2876,"(33.5278767706, -86.8604161686)",UNHBEH,BINGE,0107000,01073001200,Binge Drinking
2015,AL,Alabama,Birmingham,Census Tract,BRFSS,Unhealthy Behaviors,0107000-01073001400,Binge drinking among adults aged >=18 Years,%,CrdPrv,Crude prevalence,8.9,8.5,9.3,,,2181,"(33.5261497258, -86.835146606)",UNHBEH,BINGE,0107000,01073001400,Binge Drinking
2015,AL,Alabama,Birmingham,Census Tract,BRFSS,Unhealthy Behaviors,0107000-01073001500,Binge drinking among adults aged >=18 Years,%,CrdPrv,Crude prevalence,9.4,9.1,9.8,,,3189,"(33.5298727342, -86.8197191685)",UNHBEH,BINGE,0107000,01073001500,Binge Drinking
2015,AL,Alabama,Birmingham,Census Tract,BRFSS,Unhealthy Behaviors,0107000-01073001600,Binge drinking among adults aged >=18 Years,%,CrdPrv,Crude prevalence,8.2,7.7,8.6,,,3390,"(33.5372993423, -86.8036590482)",UNHBEH,BINGE,0107000,01073001600,Binge Drinking
2015,AL,Alabama,Birmingham,Census Tract,BRFSS,Unhealthy Behaviors,0107000-01073001902,Binge drinking among adults aged >=18 Years,%,CrdPrv,Crude prevalence,9.3,8.9,9.8,,,1894,"(33.5532050997, -86.7429801603)",UNHBEH,BINGE,0107000,01073001902,Binge Drinking
2015,AL,Alabama,Birmingham,Census Tract,BRFSS,Unhealthy Behaviors,0107000-01073002000,Binge drinking among adults aged >=18 Years,%,CrdPrv,Crude prevalence,9.1,8.7,9.6,,,3885,"(33.5541574106, -86.7167229915)",UNHBEH,BINGE,0107000,01073002000,Binge Drinking
2015,AL,Alabama,Birmingham,Census Tract,BRFSS,Unhealthy Behaviors,0107000-01073002100,Binge drinking among adults aged >=18 Years,%,CrdPrv,Crude prevalence,10.0,9.6,10.6,,,3186,"(33.5650015942, -86.7101024766)",UNHBEH,BINGE,0107000,01073002100,Binge Drinking
2015,AL,Alabama,Birmingham,Census Tract,BRFSS,Unhealthy Behaviors,0107000-01073002200,Binge drinking among adults aged >=18 Years,%,CrdPrv,Crude prevalence,10.1,9.7,10.6,,,2630,"(33.5521301205, -86.7276759508)",UNHBEH,BINGE,0107000,01073002200,Binge Drinking
2015,AL,Alabama,Birmingham,Census Tract,BRFSS,Unhealthy Behaviors,0107000-01073002303,Binge drinking among adults aged >=18 Years,%,CrdPrv,Crude prevalence,8.9,8.5,9.4,,,2936,"(33.5383153207, -86.7270445428)",UNHBEH,BINGE,0107000,01073002303,Binge Drinking
2015,AL,Alabama,Birmingham,Census Tract,BRFSS,Unhealthy Behaviors,0107000-01073002305,Binge drinking among adults aged >=18 Years,%,CrdPrv,Crude prevalence,16.3,15.8,16.7,,,2952,"(33.5333415976, -86.7479566084)",UNHBEH,BINGE,0107000,01073002305,Binge Drinking
2015,AL,Alabama,Birmingham,Census Tract,BRFSS,Unhealthy Behaviors,0107000-01073002306,Binge drinking among adults aged >=18 Years,%,CrdPrv,Crude prevalence,15.6,15.2,16.1,,,3257,"(33.5213873564, -86.7490031289)",UNHBEH,BINGE,0107000,01073002306,Binge Drinking
2015,AL,Alabama,Birmingham,Census Tract,BRFSS,Unhealthy Behaviors,0107000-01073002400,Binge drinking among adults aged >=18 Years,%,CrdPrv,Crude prevalence,11.1,10.8,11.5,,,3629,"(33.5260748309, -86.7830315488)",UNHBEH,BINGE,0107000,01073002400,Binge Drinking
2015,AL,Alabama,Birmingham,Census Tract,BRFSS,Unhealthy Behaviors,0107000-01073002700,Binge drinking among adults aged >=18 Years,%,CrdPrv,Crude prevalence,13.6,13.0,14.2,,,3992,"(33.5176008419, -86.8106887452)",UNHBEH,BINGE,0107000,01073002700,Binge Drinking
2015,AL,Alabama,Birmingham,Census Tract,BRFSS,Unhealthy Behaviors,0107000-01073002900,Binge drinking among adults aged >=18 Years,%,CrdPrv,Crude prevalence,8.3,7.8,8.8,,,2064,"(33.5132498864, -86.83004749)",UNHBEH,BINGE,0107000,01073002900,Binge Drinking
2015,AL,Alabama,Birmingham,Census Tract,BRFSS,Unhealthy Behaviors,0107000-01073003001,Binge drinking among adults aged >=18 Years,%,CrdPrv,Crude prevalence,14.3,13.3,15.3,,,3779,"(33.5125158094, -86.8577164946)",UNHBEH,BINGE,0107000,01073003001,Binge Drinking
2015,AL,Alabama,Birmingham,Census Tract,BRFSS,Unhealthy Behaviors,0107000-01073003002,Binge drinking among adults aged >=18 Years,%,CrdPrv,Crude prevalence,7.4,7.0,7.8,,,2203,"(33.512258109, -86.8441439907)",UNHBEH,BINGE,0107000,01073003002,Binge Drinking
2015,AL,Alabama,Birmingham,Census Tract,BRFSS,Unhealthy Behaviors,0107000-01073003100,Binge drinking among adults aged >=18 Years,%,CrdPrv,Crude prevalence,9.5,9.1,10.0,,,3637,"(33.5059655756, -86.8745506086)",UNHBEH,BINGE,0107000,01073003100,Binge Drinking
2015,AL,Alabama,Birmingham,Census Tract,BRFSS,Unhealthy Behaviors,0107000-01073003200,Binge drinking among adults aged >=18 Years,%,CrdPrv,Crude prevalence,7.6,7.3,8.0,,,931,"(33.5094018502, -86.8859081961)",UNHBEH,BINGE,0107000,01073003200,Binge Drinking
2015,AL,Alabama,Birmingham,Census Tract,BRFSS,Unhealthy Behaviors,0107000-01073003300,Binge drinking among adults aged >=18 Years,%,CrdPrv,Crude prevalence,8.4,8.0,8.9,,,947,"(33.5171261108, -86.8913819749)",UNHBEH,BINGE,0107000,01073003300,Binge Drinking
2015,AL,Alabama,Birmingham,Census Tract,BRFSS,Unhealthy Behaviors,0107000-01073002305,Obesity among adults aged >=18 Years,%,CrdPrv,Crude prevalence,31.7,30.4,33.0,,,2952,"(33.5333415976, -86.7479566084)",UNHBEH,OBESITY,0107000,01073002305,Obesity
2015,AL,Alabama,Birmingham,Census Tract,BRFSS,Unhealthy Behaviors,0107000-01073003400,Binge drinking among adults aged >=18 Years,%,CrdPrv,Crude prevalence,8.8,8.3,9.3,,,2477,"(33.5052229234, -86.9014844656)",UNHBEH,BINGE,0107000,01073003400,Binge Drinking
2015,AL,Alabama,Birmingham,Census Tract,BRFSS,Unhealthy Behaviors,0107000-01073003500,Binge drinking among adults aged >=18 Years,%,CrdPrv,Crude prevalence,10.0,9.5,10.5,,,2780,"(33.5065714011, -86.9195910063)",UNHBEH,BINGE,0107000,01073003500,Binge Drinking
2015,AL,Alabama,Birmingham,Census Tract,BRFSS,Unhealthy Behaviors,0107000-01073003600,Binge drinking among adults aged >=18 Years,%,CrdPrv,Crude prevalence,9.9,9.4,10.3,,,4683,"(33.48476397, -86.8981392947)",UNHBEH,BINGE,0107000,01073003600,Binge Drinking
2015,AL,Alabama,Birmingham,Census Tract,BRFSS,Unhealthy Behaviors,0107000-01073003700,Binge drinking among adults aged >=18 Years,%,CrdPrv,Crude prevalence,10.3,9.9,10.7,,,5063,"(33.4969018589, -86.8907729426)",UNHBEH,BINGE,0107000,01073003700,Binge Drinking
2015,AL,Alabama,Birmingham,Census Tract,BRFSS,Unhealthy Behaviors,0107000-01073003802,Binge drinking among adults aged >=18 Years,%,CrdPrv,Crude prevalence,10.3,9.9,10.7,,,5409,"(33.4785707794, -86.890000907)",UNHBEH,BINGE,0107000,01073003802,Binge Drinking
2015,AL,Alabama,Birmingham,Census Tract,BRFSS,Unhealthy Behaviors,0107000-01073003803,Binge drinking among adults aged >=18 Years,%,CrdPrv,Crude prevalence,9.2,8.7,9.7,,,4199,"(33.485945214, -86.869692186)",UNHBEH,BINGE,0107000,01073003803,Binge Drinking
2015,AL,Alabama,Birmingham,Census Tract,BRFSS,Unhealthy Behaviors,0107000-01073003900,Binge drinking among adults aged >=18 Years,%,CrdPrv,Crude prevalence,9.5,9.1,9.8,,,1783,"(33.4989959327, -86.8647600038)",UNHBEH,BINGE,0107000,01073003900,Binge Drinking
2015,AL,Alabama,Birmingham,Census Tract,BRFSS,Unhealthy Behaviors,0107000-01073004000,Binge drinking among adults aged >=18 Years,%,CrdPrv,Crude prevalence,8.5,8.0,9.0,,,3772,"(33.4953246015, -86.8516232073)",UNHBEH,BINGE,0107000,01073004000,Binge Drinking
2015,AL,Alabama,Birmingham,Census Tract,BRFSS,Unhealthy Behaviors,0107000-01073004200,Binge drinking among adults aged >=18 Years,%,CrdPrv,Crude prevalence,9.1,8.8,9.4,,,2341,"(33.5007439361, -86.8270720379)",UNHBEH,BINGE,0107000,01073004200,Binge Drinking
2015,AL,Alabama,Birmingham,Census Tract,BRFSS,Unhealthy Behaviors,0107000-01073004500,Binge drinking among adults aged >=18 Years,%,CrdPrv,Crude prevalence,13.8,12.9,14.8,,,5003,"(33.5041857556, -86.8033798346)",UNHBEH,BINGE,0107000,01073004500,Binge Drinking
2015,AL,Alabama,Birmingham,Census Tract,BRFSS,Unhealthy Behaviors,0107000-01073004701,Binge drinking among adults aged >=18 Years,%,CrdPrv,Crude prevalence,16.4,15.7,17.2,,,3480,"(33.5075242148, -86.7836675838)",UNHBEH,BINGE,0107000,01073004701,Binge Drinking
2015,AL,Alabama,Birmingham,Census Tract,BRFSS,Unhealthy Behaviors,0107000-01073004702,Binge drinking among adults aged >=18 Years,%,CrdPrv,Crude prevalence,15.3,14.9,15.7,,,2944,"(33.5119902661, -86.7694550989)",UNHBEH,BINGE,0107000,01073004702,Binge Drinking
2015,AL,Alabama,Birmingham,Census Tract,BRFSS,Unhealthy Behaviors,0107000-01073004800,Binge drinking among adults aged >=18 Years,%,CrdPrv,Crude prevalence,14.1,13.7,14.5,,,1861,"(33.4989064008, -86.78269914)",UNHBEH,BINGE,0107000,01073004800,Binge Drinking
2015,AL,Alabama,Birmingham,Census Tract,BRFSS,Unhealthy Behaviors,0107000-01073004901,Binge drinking among adults aged >=18 Years,%,CrdPrv,Crude prevalence,17.0,16.4,17.7,,,1167,"(33.4971595645, -86.7917440668)",UNHBEH,BINGE,0107000,01073004901,Binge Drinking
2015,AL,Alabama,Birmingham,Census Tract,BRFSS,Unhealthy Behaviors,0107000-01073004902,Binge drinking among adults aged >=18 Years,%,CrdPrv,Crude prevalence,16.3,15.6,17.1,,,3146,"(33.4935824043, -86.8009294603)",UNHBEH,BINGE,0107000,01073004902,Binge Drinking
2015,AL,Alabama,Birmingham,Census Tract,BRFSS,Unhealthy Behaviors,0107000-01073005000,Binge drinking among adults aged >=18 Years,%,CrdPrv,Crude prevalence,16.1,15.6,16.7,,,3482,"(33.4866689795, -86.8173262831)",UNHBEH,BINGE,0107000,01073005000,Binge Drinking
2015,AL,Alabama,Birmingham,Census Tract,BRFSS,Unhealthy Behaviors,0107000-01073005101,Binge drinking among adults aged >=18 Years,%,CrdPrv,Crude prevalence,7.9,7.5,8.3,,,1507,"(33.4945909008, -86.834763936)",UNHBEH,BINGE,0107000,01073005101,Binge Drinking
2015,AL,Alabama,Birmingham,Census Tract,BRFSS,Unhealthy Behaviors,0107000-01073005103,Binge drinking among adults aged >=18 Years,%,CrdPrv,Crude prevalence,7.7,7.4,8.0,,,2587,"(33.485714885, -86.8327817467)",UNHBEH,BINGE,0107000,01073005103,Binge Drinking
